amenity_id,property_id,amenity_name
1,1,Mini Golf Course
2,1,24/7 Security
3,1,Community Park
4,1,Underground Electricity
5,1,Water Filtration Plant
6,1,CCTV Surveillance
7,1,Kids Play Area
8,1,Covered Parking
9,2,Underground Electricity
10,2,Mini Golf Course
11,2,CCTV Surveillance
12,2,Community Park
13,3,Gymnasium
14,3,24/7 Security
15,3,Broadband Internet
16,3,Kids Play Area
17,3,Gated Community
18,3,Covered Parking
19,3,Mini Golf Course
20,3,Rooftop Terrace
21,3,Community Park
22,4,Mini Golf Course
23,4,Community Park
24,4,Wide Roads
25,4,Sewerage System
26,4,CCTV Surveillance
27,4,Underground Electricity
28,5,Club House
29,5,CCTV Surveillance
30,5,Kids Play Area
31,5,24/7 Security
32,5,Solar Panels
33,5,Mini Golf Course
34,5,Gated Community
35,6,24/7 Security
36,6,Community Park
37,6,Gated Community
38,6,Rooftop Terrace
39,6,BBQ Area
40,6,Broadband Internet
41,6,Sewerage System
42,6,Mini Golf Course
43,7,Backup Generator
44,7,Community Park
45,7,Solar Panels
46,7,Broadband Internet
47,7,Club House
48,7,Underground Electricity
49,8,24/7 Security
50,8,Covered Parking
51,8,Swimming Pool
52,8,Wide Roads
53,8,Gymnasium
54,8,BBQ Area
55,8,Underground Electricity
56,8,Club House
57,8,Sewerage System
58,9,Gymnasium
59,9,Backup Generator
60,9,BBQ Area
61,9,24/7 Security
62,9,Solar Panels
63,9,Gated Community
64,10,24/7 Security
65,10,Rooftop Terrace
66,10,Club House
67,10,Community Park
68,11,Underground Electricity
69,11,BBQ Area
70,11,Solar Panels
71,11,CCTV Surveillance
72,11,Gymnasium
73,11,Community Park
74,12,Wide Roads
75,12,Sewerage System
76,12,Underground Electricity
77,12,Mosque
78,12,Swimming Pool
79,13,Rooftop Terrace
80,13,Gated Community
81,13,Mini Golf Course
82,13,Broadband Internet
83,13,Community Park
84,13,Gymnasium
85,13,Kids Play Area
86,13,Solar Panels
87,13,Water Filtration Plant
88,14,Underground Electricity
89,14,Rooftop Terrace
90,14,Covered Parking
91,14,Kids Play Area
92,15,Gymnasium
93,15,Wide Roads
94,15,Mosque
95,15,Backup Generator
96,15,Community Park
97,15,Broadband Internet
98,16,Kids Play Area
99,16,Covered Parking
100,16,Broadband Internet
101,16,Solar Panels
102,16,Backup Generator
103,17,Rooftop Terrace
104,17,Gymnasium
105,17,BBQ Area
106,17,Kids Play Area
107,17,CCTV Surveillance
108,17,Community Park
109,17,24/7 Security
110,17,Swimming Pool
111,17,Mosque
112,18,CCTV Surveillance
113,18,Sewerage System
114,18,BBQ Area
115,18,Gymnasium
116,18,Kids Play Area
117,19,Broadband Internet
118,19,Solar Panels
119,19,BBQ Area
120,19,Backup Generator
121,19,Covered Parking
122,19,Sewerage System
123,19,Gated Community
124,20,Solar Panels
125,20,Community Park
126,20,Sewerage System
127,20,Gymnasium
128,20,Underground Electricity
129,21,Community Park
130,21,Solar Panels
131,21,24/7 Security
132,21,Water Filtration Plant
133,21,Mini Golf Course
134,21,CCTV Surveillance
135,22,Rooftop Terrace
136,22,Club House
137,22,Underground Electricity
138,22,Gated Community
139,22,Sewerage System
140,22,Covered Parking
141,22,Broadband Internet
142,22,Wide Roads
143,23,Gymnasium
144,23,BBQ Area
145,23,Club House
146,23,Wide Roads
147,23,Backup Generator
148,23,Community Park
149,23,Water Filtration Plant
150,23,Sewerage System
151,23,Mini Golf Course
152,24,Club House
153,24,BBQ Area
154,24,Water Filtration Plant
155,24,24/7 Security
156,25,Wide Roads
157,25,Swimming Pool
158,25,Water Filtration Plant
159,25,Gymnasium
160,25,Broadband Internet
161,25,Community Park
162,25,Covered Parking
163,25,Backup Generator
164,25,Club House
165,26,Gymnasium
166,26,Covered Parking
167,26,BBQ Area
168,26,Gated Community
169,26,Wide Roads
170,26,Club House
171,26,Rooftop Terrace
172,26,Mosque
173,26,Water Filtration Plant
174,27,BBQ Area
175,27,Wide Roads
176,27,Gated Community
177,27,Underground Electricity
178,27,Solar Panels
179,27,Water Filtration Plant
180,28,Broadband Internet
181,28,Gated Community
182,28,Rooftop Terrace
183,28,Kids Play Area
184,28,Mosque
185,28,BBQ Area
186,28,Sewerage System
187,29,Sewerage System
188,29,Solar Panels
189,29,Mini Golf Course
190,29,Swimming Pool
191,29,Club House
192,29,Kids Play Area
193,29,Underground Electricity
194,29,Water Filtration Plant
195,29,Backup Generator
196,30,Community Park
197,30,Water Filtration Plant
198,30,Sewerage System
199,30,Club House
200,30,Wide Roads
201,30,Mini Golf Course
202,30,Underground Electricity
203,30,Swimming Pool
204,30,Rooftop Terrace
205,31,Covered Parking
206,31,24/7 Security
207,31,Water Filtration Plant
208,31,Gymnasium
209,31,Broadband Internet
210,31,Community Park
211,31,Mosque
212,32,Water Filtration Plant
213,32,Sewerage System
214,32,Underground Electricity
215,32,Gymnasium
216,33,Swimming Pool
217,33,BBQ Area
218,33,Mosque
219,33,Wide Roads
220,33,CCTV Surveillance
221,34,Mosque
222,34,Covered Parking
223,34,Rooftop Terrace
224,34,Mini Golf Course
225,34,Underground Electricity
226,34,Backup Generator
227,35,CCTV Surveillance
228,35,24/7 Security
229,35,Wide Roads
230,35,Gated Community
231,35,Gymnasium
232,36,Rooftop Terrace
233,36,Swimming Pool
234,36,Gymnasium
235,36,Water Filtration Plant
236,36,Gated Community
237,36,Broadband Internet
238,36,Backup Generator
239,36,Community Park
240,37,Swimming Pool
241,37,Sewerage System
242,37,Solar Panels
243,37,Water Filtration Plant
244,38,Solar Panels
245,38,Rooftop Terrace
246,38,24/7 Security
247,38,Backup Generator
248,38,Community Park
249,38,Mosque
250,38,Wide Roads
251,39,Covered Parking
252,39,Solar Panels
253,39,Swimming Pool
254,39,Wide Roads
255,39,CCTV Surveillance
256,39,Backup Generator
257,39,Community Park
258,39,Club House
259,40,Swimming Pool
260,40,Water Filtration Plant
261,40,Sewerage System
262,40,Solar Panels
263,40,Kids Play Area
264,40,Broadband Internet
265,40,Wide Roads
266,40,Backup Generator
267,41,Community Park
268,41,Wide Roads
269,41,Club House
270,41,Mini Golf Course
271,41,Gymnasium
272,41,Gated Community
273,41,24/7 Security
274,41,Mosque
275,42,Water Filtration Plant
276,42,CCTV Surveillance
277,42,Gymnasium
278,42,Mosque
279,42,Swimming Pool
280,42,Wide Roads
281,42,Backup Generator
282,42,Rooftop Terrace
283,43,Mini Golf Course
284,43,Water Filtration Plant
285,43,Mosque
286,43,Community Park
287,44,Gymnasium
288,44,Mini Golf Course
289,44,24/7 Security
290,44,CCTV Surveillance
291,44,Water Filtration Plant
292,44,Swimming Pool
293,44,Covered Parking
294,45,Water Filtration Plant
295,45,CCTV Surveillance
296,45,Wide Roads
297,45,Covered Parking
298,46,BBQ Area
299,46,Rooftop Terrace
300,46,Mosque
301,46,CCTV Surveillance
302,46,Gymnasium
303,46,Covered Parking
304,46,Wide Roads
305,47,Community Park
306,47,Backup Generator
307,47,Mini Golf Course
308,47,CCTV Surveillance
309,47,Sewerage System
310,48,24/7 Security
311,48,Solar Panels
312,48,Water Filtration Plant
313,48,Mosque
314,48,Rooftop Terrace
315,49,Underground Electricity
316,49,Kids Play Area
317,49,CCTV Surveillance
318,49,BBQ Area
319,49,Mosque
320,49,Community Park
321,49,Solar Panels
322,50,Rooftop Terrace
323,50,Sewerage System
324,50,Solar Panels
325,50,CCTV Surveillance
326,50,BBQ Area
327,50,Backup Generator
328,50,Gymnasium
329,50,Kids Play Area
330,50,Underground Electricity
331,51,CCTV Surveillance
332,51,Mini Golf Course
333,51,Rooftop Terrace
334,51,Covered Parking
335,51,Swimming Pool
336,52,Mini Golf Course
337,52,Solar Panels
338,52,Covered Parking
339,52,Sewerage System
340,52,Backup Generator
341,52,Rooftop Terrace
342,53,Club House
343,53,Gymnasium
344,53,Mosque
345,53,Wide Roads
346,53,Broadband Internet
347,53,Solar Panels
348,54,Swimming Pool
349,54,Mosque
350,54,Underground Electricity
351,54,Water Filtration Plant
352,54,Club House
353,54,Covered Parking
354,54,Solar Panels
355,54,Broadband Internet
356,54,Sewerage System
357,55,Gated Community
358,55,Swimming Pool
359,55,Club House
360,55,24/7 Security
361,55,Community Park
362,55,CCTV Surveillance
363,55,Covered Parking
364,55,Wide Roads
365,56,CCTV Surveillance
366,56,Community Park
367,56,Rooftop Terrace
368,56,Sewerage System
369,56,Wide Roads
370,56,Swimming Pool
371,56,Gated Community
372,56,Backup Generator
373,57,Club House
374,57,Solar Panels
375,57,Water Filtration Plant
376,57,Backup Generator
377,58,Solar Panels
378,58,Gated Community
379,58,Swimming Pool
380,58,Covered Parking
381,58,Broadband Internet
382,58,24/7 Security
383,58,Mosque
384,58,Kids Play Area
385,58,Sewerage System
386,59,Underground Electricity
387,59,Gated Community
388,59,Water Filtration Plant
389,59,Mini Golf Course
390,59,Wide Roads
391,59,Backup Generator
392,60,Gated Community
393,60,BBQ Area
394,60,Wide Roads
395,60,24/7 Security
396,60,Swimming Pool
397,61,Sewerage System
398,61,Club House
399,61,BBQ Area
400,61,Rooftop Terrace
401,62,Rooftop Terrace
402,62,Underground Electricity
403,62,Water Filtration Plant
404,62,24/7 Security
405,62,Community Park
406,62,Broadband Internet
407,62,Gated Community
408,63,Backup Generator
409,63,Mini Golf Course
410,63,BBQ Area
411,63,Rooftop Terrace
412,63,Sewerage System
413,63,Mosque
414,63,Solar Panels
415,63,Broadband Internet
416,64,Club House
417,64,Rooftop Terrace
418,64,24/7 Security
419,64,Sewerage System
420,64,Swimming Pool
421,64,Underground Electricity
422,64,Water Filtration Plant
423,65,Mini Golf Course
424,65,Community Park
425,65,Water Filtration Plant
426,65,Backup Generator
427,66,Mosque
428,66,Water Filtration Plant
429,66,Sewerage System
430,66,Mini Golf Course
431,66,Broadband Internet
432,66,Underground Electricity
433,67,Covered Parking
434,67,Wide Roads
435,67,Kids Play Area
436,67,Broadband Internet
437,67,Water Filtration Plant
438,67,Solar Panels
439,67,Backup Generator
440,67,24/7 Security
441,68,Mosque
442,68,Sewerage System
443,68,Community Park
444,68,Club House
445,68,Wide Roads
446,68,Kids Play Area
447,68,BBQ Area
448,69,Kids Play Area
449,69,CCTV Surveillance
450,69,BBQ Area
451,69,Water Filtration Plant
452,69,24/7 Security
453,70,Sewerage System
454,70,Wide Roads
455,70,Backup Generator
456,70,Community Park
457,70,Club House
458,70,Kids Play Area
459,70,BBQ Area
460,70,Swimming Pool
461,70,Gated Community
462,71,Swimming Pool
463,71,Covered Parking
464,71,Kids Play Area
465,71,BBQ Area
466,71,Underground Electricity
467,71,Broadband Internet
468,71,Backup Generator
469,71,Gymnasium
470,72,Underground Electricity
471,72,Covered Parking
472,72,Solar Panels
473,72,Wide Roads
474,72,Water Filtration Plant
475,73,Underground Electricity
476,73,Wide Roads
477,73,Solar Panels
478,73,Rooftop Terrace
479,73,BBQ Area
480,73,Community Park
481,74,Mosque
482,74,Community Park
483,74,Covered Parking
484,74,24/7 Security
485,75,Gated Community
486,75,Covered Parking
487,75,BBQ Area
488,75,Kids Play Area
489,75,Rooftop Terrace
490,75,Broadband Internet
491,75,Backup Generator
492,75,Gymnasium
493,76,Swimming Pool
494,76,Water Filtration Plant
495,76,Sewerage System
496,76,Club House
497,76,Wide Roads
498,76,Rooftop Terrace
499,76,Backup Generator
500,77,Gated Community
501,77,Water Filtration Plant
502,77,CCTV Surveillance
503,77,Covered Parking
504,77,Solar Panels
505,78,BBQ Area
506,78,Club House
507,78,Swimming Pool
508,78,Broadband Internet
509,78,Mosque
510,78,Solar Panels
511,78,Sewerage System
512,78,Wide Roads
513,79,24/7 Security
514,79,Solar Panels
515,79,Underground Electricity
516,79,Club House
517,79,Mosque
518,79,Swimming Pool
519,80,Solar Panels
520,80,Sewerage System
521,80,Swimming Pool
522,80,Rooftop Terrace
523,80,Wide Roads
524,80,Gymnasium
525,81,Solar Panels
526,81,Kids Play Area
527,81,BBQ Area
528,81,Swimming Pool
529,81,Covered Parking
530,81,Underground Electricity
531,81,Mosque
532,82,BBQ Area
533,82,Solar Panels
534,82,Club House
535,82,Sewerage System
536,82,Broadband Internet
537,82,Community Park
538,82,Backup Generator
539,83,Rooftop Terrace
540,83,Wide Roads
541,83,Mosque
542,83,Sewerage System
543,83,Solar Panels
544,84,CCTV Surveillance
545,84,Club House
546,84,Underground Electricity
547,84,Gymnasium
548,84,Water Filtration Plant
549,84,Wide Roads
550,84,Rooftop Terrace
551,84,24/7 Security
552,85,CCTV Surveillance
553,85,Covered Parking
554,85,Gymnasium
555,85,Water Filtration Plant
556,85,Kids Play Area
557,86,Backup Generator
558,86,Sewerage System
559,86,Mini Golf Course
560,86,Gated Community
561,86,Club House
562,86,Water Filtration Plant
563,86,BBQ Area
564,87,Gated Community
565,87,Underground Electricity
566,87,Sewerage System
567,87,Covered Parking
568,87,Mosque
569,88,Kids Play Area
570,88,Sewerage System
571,88,BBQ Area
572,88,Mini Golf Course
573,88,Rooftop Terrace
574,88,Swimming Pool
575,88,24/7 Security
576,89,Mosque
577,89,BBQ Area
578,89,Underground Electricity
579,89,Swimming Pool
580,89,Backup Generator
581,89,Water Filtration Plant
582,89,Broadband Internet
583,90,Water Filtration Plant
584,90,Covered Parking
585,90,Broadband Internet
586,90,Community Park
587,90,Club House
588,90,Backup Generator
589,90,Gymnasium
590,90,Wide Roads
591,90,Kids Play Area
592,91,Swimming Pool
593,91,Kids Play Area
594,91,CCTV Surveillance
595,91,Club House
596,91,Community Park
597,92,Swimming Pool
598,92,Kids Play Area
599,92,Wide Roads
600,92,Rooftop Terrace
601,93,Backup Generator
602,93,Sewerage System
603,93,Club House
604,93,Rooftop Terrace
605,93,Broadband Internet
606,93,Mini Golf Course
607,94,Rooftop Terrace
608,94,Water Filtration Plant
609,94,Broadband Internet
610,94,CCTV Surveillance
611,94,Swimming Pool
612,94,Community Park
613,95,Gymnasium
614,95,Wide Roads
615,95,Sewerage System
616,95,Community Park
617,96,Swimming Pool
618,96,Club House
619,96,Mosque
620,96,Mini Golf Course
621,96,Community Park
622,97,Mini Golf Course
623,97,Gated Community
624,97,24/7 Security
625,97,Club House
626,97,Community Park
627,97,Rooftop Terrace
628,97,Gymnasium
629,98,Gymnasium
630,98,Community Park
631,98,Club House
632,98,Backup Generator
633,98,Wide Roads
634,98,Mosque
635,98,BBQ Area
636,98,Solar Panels
637,99,Gymnasium
638,99,Solar Panels
639,99,Water Filtration Plant
640,99,Swimming Pool
641,99,24/7 Security
642,99,Covered Parking
643,99,Kids Play Area
644,100,Kids Play Area
645,100,Covered Parking
646,100,Broadband Internet
647,100,Sewerage System
648,100,Mini Golf Course
649,100,Community Park
650,101,Mini Golf Course
651,101,Swimming Pool
652,101,Broadband Internet
653,101,CCTV Surveillance
654,101,Backup Generator
655,101,Solar Panels
656,101,Rooftop Terrace
657,101,Wide Roads
658,101,Sewerage System
659,102,Community Park
660,102,Broadband Internet
661,102,Backup Generator
662,102,BBQ Area
663,102,CCTV Surveillance
664,103,Gymnasium
665,103,Backup Generator
666,103,24/7 Security
667,103,Mini Golf Course
668,103,Solar Panels
669,103,Swimming Pool
670,104,Covered Parking
671,104,Mini Golf Course
672,104,24/7 Security
673,104,Solar Panels
674,104,Water Filtration Plant
675,104,Gymnasium
676,105,CCTV Surveillance
677,105,Backup Generator
678,105,Wide Roads
679,105,24/7 Security
680,106,BBQ Area
681,106,Underground Electricity
682,106,CCTV Surveillance
683,106,Mini Golf Course
684,106,Club House
685,106,Mosque
686,106,Community Park
687,106,Solar Panels
688,107,Club House
689,107,Solar Panels
690,107,Wide Roads
691,107,Sewerage System
692,107,Community Park
693,107,Underground Electricity
694,107,Kids Play Area
695,107,Mosque
696,107,Water Filtration Plant
697,108,Sewerage System
698,108,Backup Generator
699,108,Mini Golf Course
700,108,Solar Panels
701,108,CCTV Surveillance
702,108,Mosque
703,108,Covered Parking
704,108,Gated Community
705,109,Gymnasium
706,109,Backup Generator
707,109,Mosque
708,109,Broadband Internet
709,109,Water Filtration Plant
710,110,Solar Panels
711,110,Covered Parking
712,110,Underground Electricity
713,110,Kids Play Area
714,110,24/7 Security
715,110,Community Park
716,111,Mini Golf Course
717,111,24/7 Security
718,111,Swimming Pool
719,111,Mosque
720,112,Sewerage System
721,112,Gymnasium
722,112,Broadband Internet
723,112,24/7 Security
724,112,Wide Roads
725,112,Gated Community
726,113,24/7 Security
727,113,Covered Parking
728,113,Underground Electricity
729,113,Kids Play Area
730,113,CCTV Surveillance
731,114,Covered Parking
732,114,BBQ Area
733,114,Broadband Internet
734,114,Gated Community
735,114,Kids Play Area
736,114,Water Filtration Plant
737,115,Gated Community
738,115,Sewerage System
739,115,Club House
740,115,Community Park
741,115,Covered Parking
742,116,Underground Electricity
743,116,Sewerage System
744,116,Club House
745,116,24/7 Security
746,116,Mosque
747,117,Wide Roads
748,117,Club House
749,117,Broadband Internet
750,117,Solar Panels
751,117,Gated Community
752,117,Mosque
753,117,Water Filtration Plant
754,117,BBQ Area
755,117,Covered Parking
756,118,Underground Electricity
757,118,Covered Parking
758,118,Club House
759,118,Backup Generator
760,118,Kids Play Area
761,118,Community Park
762,118,Rooftop Terrace
763,118,BBQ Area
764,119,Mini Golf Course
765,119,Water Filtration Plant
766,119,Mosque
767,119,Sewerage System
768,120,Backup Generator
769,120,Underground Electricity
770,120,BBQ Area
771,120,Gated Community
772,120,Rooftop Terrace
773,120,Water Filtration Plant
774,120,Mosque
775,121,CCTV Surveillance
776,121,Kids Play Area
777,121,24/7 Security
778,121,Swimming Pool
779,121,Sewerage System
780,121,Backup Generator
781,121,Gated Community
782,121,Underground Electricity
783,121,Mosque
784,122,Gated Community
785,122,Rooftop Terrace
786,122,Covered Parking
787,122,Gymnasium
788,123,Community Park
789,123,Wide Roads
790,123,Swimming Pool
791,123,Covered Parking
792,123,Solar Panels
793,123,Kids Play Area
794,124,Kids Play Area
795,124,Gated Community
796,124,Rooftop Terrace
797,124,BBQ Area
798,124,Gymnasium
799,124,Water Filtration Plant
800,124,Sewerage System
801,124,Club House
802,125,Gymnasium
803,125,Covered Parking
804,125,Wide Roads
805,125,Kids Play Area
806,126,BBQ Area
807,126,Broadband Internet
808,126,Underground Electricity
809,126,24/7 Security
810,126,Club House
811,126,Swimming Pool
812,126,Solar Panels
813,126,Community Park
814,127,Gated Community
815,127,Covered Parking
816,127,Broadband Internet
817,127,Backup Generator
818,127,Rooftop Terrace
819,127,Mosque
820,128,Swimming Pool
821,128,Mini Golf Course
822,128,BBQ Area
823,128,Kids Play Area
824,128,Broadband Internet
825,128,Gymnasium
826,128,CCTV Surveillance
827,128,Backup Generator
828,129,Swimming Pool
829,129,Community Park
830,129,Water Filtration Plant
831,129,Gymnasium
832,129,Broadband Internet
833,129,Mini Golf Course
834,129,CCTV Surveillance
835,129,Covered Parking
836,130,BBQ Area
837,130,Broadband Internet
838,130,24/7 Security
839,130,Water Filtration Plant
840,130,Club House
841,130,Solar Panels
842,130,Community Park
843,130,Mini Golf Course
844,131,BBQ Area
845,131,Wide Roads
846,131,Kids Play Area
847,131,Community Park
848,131,Club House
849,131,Mosque
850,131,Sewerage System
851,131,Mini Golf Course
852,132,Mini Golf Course
853,132,Gymnasium
854,132,Backup Generator
855,132,Kids Play Area
856,132,CCTV Surveillance
857,132,Water Filtration Plant
858,132,Swimming Pool
859,133,Mosque
860,133,Water Filtration Plant
861,133,Community Park
862,133,Gated Community
863,134,Swimming Pool
864,134,Gated Community
865,134,Underground Electricity
866,134,Mosque
867,134,Covered Parking
868,135,Mosque
869,135,Gated Community
870,135,Club House
871,135,Covered Parking
872,135,Sewerage System
873,136,BBQ Area
874,136,Wide Roads
875,136,Community Park
876,136,24/7 Security
877,137,Covered Parking
878,137,Community Park
879,137,Broadband Internet
880,137,Gated Community
881,137,BBQ Area
882,138,CCTV Surveillance
883,138,BBQ Area
884,138,Gated Community
885,138,Sewerage System
886,138,Mini Golf Course
887,138,Rooftop Terrace
888,138,Covered Parking
889,138,Gymnasium
890,139,Underground Electricity
891,139,Water Filtration Plant
892,139,Mosque
893,139,Mini Golf Course
894,140,Wide Roads
895,140,Mini Golf Course
896,140,Club House
897,140,Underground Electricity
898,140,Water Filtration Plant
899,140,Sewerage System
900,140,Kids Play Area
901,140,Mosque
902,140,Backup Generator
903,141,Swimming Pool
904,141,Mini Golf Course
905,141,Rooftop Terrace
906,141,CCTV Surveillance
907,141,Mosque
908,141,Club House
909,141,Kids Play Area
910,141,Backup Generator
911,141,Solar Panels
912,142,Broadband Internet
913,142,CCTV Surveillance
914,142,Mosque
915,142,Swimming Pool
916,142,Water Filtration Plant
917,142,Sewerage System
918,142,Underground Electricity
919,142,Solar Panels
920,142,Covered Parking
921,143,Swimming Pool
922,143,Mini Golf Course
923,143,Broadband Internet
924,143,BBQ Area
925,143,Kids Play Area
926,143,Sewerage System
927,143,Solar Panels
928,143,CCTV Surveillance
929,143,Underground Electricity
930,144,CCTV Surveillance
931,144,Kids Play Area
932,144,Wide Roads
933,144,Underground Electricity
934,144,Club House
935,144,Covered Parking
936,144,Sewerage System
937,144,BBQ Area
938,144,Gymnasium
939,145,Broadband Internet
940,145,Solar Panels
941,145,Club House
942,145,24/7 Security
943,145,Gated Community
944,145,Gymnasium
945,146,24/7 Security
946,146,Water Filtration Plant
947,146,Gymnasium
948,146,Backup Generator
949,146,Solar Panels
950,146,Mini Golf Course
951,146,Mosque
952,146,CCTV Surveillance
953,147,24/7 Security
954,147,Sewerage System
955,147,Mini Golf Course
956,147,Water Filtration Plant
957,147,Gymnasium
958,147,Gated Community
959,148,Broadband Internet
960,148,BBQ Area
961,148,Gymnasium
962,148,Mini Golf Course
963,149,BBQ Area
964,149,Rooftop Terrace
965,149,Wide Roads
966,149,Mini Golf Course
967,149,Sewerage System
968,149,Club House
969,150,Community Park
970,150,Rooftop Terrace
971,150,Club House
972,150,Underground Electricity
973,150,Solar Panels
974,150,BBQ Area
975,151,Covered Parking
976,151,Swimming Pool
977,151,Solar Panels
978,151,Mosque
979,151,Backup Generator
980,151,24/7 Security
981,152,Rooftop Terrace
982,152,Club House
983,152,Community Park
984,152,Gated Community
985,152,Kids Play Area
986,152,Swimming Pool
987,152,CCTV Surveillance
988,152,Underground Electricity
989,152,Solar Panels
990,153,Wide Roads
991,153,24/7 Security
992,153,Club House
993,153,Gated Community
994,154,Water Filtration Plant
995,154,Gated Community
996,154,Kids Play Area
997,154,Gymnasium
998,154,Mini Golf Course
999,154,Sewerage System
1000,155,Wide Roads
1001,155,Gymnasium
1002,155,Gated Community
1003,155,Club House
1004,155,Broadband Internet
1005,155,Water Filtration Plant
1006,155,Backup Generator
1007,155,CCTV Surveillance
1008,155,Sewerage System
1009,156,Wide Roads
1010,156,CCTV Surveillance
1011,156,Backup Generator
1012,156,Club House
1013,157,Gymnasium
1014,157,Kids Play Area
1015,157,Community Park
1016,157,Covered Parking
1017,157,Gated Community
1018,158,Club House
1019,158,Sewerage System
1020,158,Community Park
1021,158,Solar Panels
1022,158,CCTV Surveillance
1023,158,Water Filtration Plant
1024,158,BBQ Area
1025,158,Mini Golf Course
1026,159,Covered Parking
1027,159,Mini Golf Course
1028,159,Underground Electricity
1029,159,Solar Panels
1030,159,Club House
1031,160,Rooftop Terrace
1032,160,Underground Electricity
1033,160,Mini Golf Course
1034,160,Water Filtration Plant
1035,160,Wide Roads
1036,160,Mosque
1037,160,Gated Community
1038,160,Gymnasium
1039,160,Solar Panels
1040,161,Rooftop Terrace
1041,161,Community Park
1042,161,Mosque
1043,161,CCTV Surveillance
1044,161,Water Filtration Plant
1045,161,Swimming Pool
1046,162,Underground Electricity
1047,162,Kids Play Area
1048,162,BBQ Area
1049,162,24/7 Security
1050,162,Backup Generator
1051,162,Community Park
1052,163,Solar Panels
1053,163,Broadband Internet
1054,163,Gymnasium
1055,163,Rooftop Terrace
1056,163,Gated Community
1057,163,Water Filtration Plant
1058,164,Underground Electricity
1059,164,BBQ Area
1060,164,Gymnasium
1061,164,Community Park
1062,164,Mosque
1063,165,Gated Community
1064,165,Wide Roads
1065,165,Gymnasium
1066,165,Backup Generator
1067,165,24/7 Security
1068,165,Swimming Pool
1069,165,BBQ Area
1070,165,Club House
1071,165,Solar Panels
1072,166,Broadband Internet
1073,166,Covered Parking
1074,166,24/7 Security
1075,166,Kids Play Area
1076,166,Underground Electricity
1077,166,BBQ Area
1078,167,Underground Electricity
1079,167,Solar Panels
1080,167,Mini Golf Course
1081,167,Water Filtration Plant
1082,167,Sewerage System
1083,167,Covered Parking
1084,167,Wide Roads
1085,167,Backup Generator
1086,168,Gymnasium
1087,168,24/7 Security
1088,168,Club House
1089,168,Water Filtration Plant
1090,168,Gated Community
1091,168,Solar Panels
1092,168,Community Park
1093,168,Rooftop Terrace
1094,168,Broadband Internet
1095,169,Solar Panels
1096,169,Sewerage System
1097,169,Gated Community
1098,169,Broadband Internet
1099,169,24/7 Security
1100,170,Club House
1101,170,Sewerage System
1102,170,BBQ Area
1103,170,Mosque
1104,171,Backup Generator
1105,171,Club House
1106,171,Wide Roads
1107,171,Rooftop Terrace
1108,172,Mosque
1109,172,Kids Play Area
1110,172,Covered Parking
1111,172,Community Park
1112,172,Swimming Pool
1113,172,Solar Panels
1114,172,Sewerage System
1115,172,Wide Roads
1116,173,24/7 Security
1117,173,Gated Community
1118,173,Wide Roads
1119,173,Water Filtration Plant
1120,173,Backup Generator
1121,173,Swimming Pool
1122,173,Mini Golf Course
1123,173,Underground Electricity
1124,174,Swimming Pool
1125,174,24/7 Security
1126,174,BBQ Area
1127,174,Mini Golf Course
1128,174,Water Filtration Plant
1129,174,Kids Play Area
1130,174,Gymnasium
1131,174,Mosque
1132,174,Sewerage System
1133,175,Gated Community
1134,175,Sewerage System
1135,175,Club House
1136,175,24/7 Security
1137,175,Rooftop Terrace
1138,175,Mosque
1139,176,Kids Play Area
1140,176,Club House
1141,176,Gymnasium
1142,176,Community Park
1143,176,Rooftop Terrace
1144,177,Solar Panels
1145,177,Wide Roads
1146,177,CCTV Surveillance
1147,177,Rooftop Terrace
1148,177,Gymnasium
1149,177,Underground Electricity
1150,177,Covered Parking
1151,177,Backup Generator
1152,178,Broadband Internet
1153,178,Mini Golf Course
1154,178,Gymnasium
1155,178,Underground Electricity
1156,178,Rooftop Terrace
1157,178,Backup Generator
1158,179,Underground Electricity
1159,179,Gymnasium
1160,179,Backup Generator
1161,179,Water Filtration Plant
1162,179,Rooftop Terrace
1163,179,Solar Panels
1164,179,Club House
1165,179,Community Park
1166,180,Rooftop Terrace
1167,180,Swimming Pool
1168,180,Kids Play Area
1169,180,Community Park
1170,180,Mosque
1171,180,Water Filtration Plant
1172,180,Solar Panels
1173,180,Broadband Internet
1174,180,BBQ Area
1175,181,Kids Play Area
1176,181,CCTV Surveillance
1177,181,Rooftop Terrace
1178,181,Backup Generator
1179,182,Sewerage System
1180,182,Gymnasium
1181,182,Underground Electricity
1182,182,Mosque
1183,182,Rooftop Terrace
1184,182,Community Park
1185,182,24/7 Security
1186,183,Solar Panels
1187,183,Sewerage System
1188,183,Wide Roads
1189,183,Mini Golf Course
1190,183,Water Filtration Plant
1191,183,Kids Play Area
1192,183,24/7 Security
1193,183,Swimming Pool
1194,184,Covered Parking
1195,184,Gymnasium
1196,184,Water Filtration Plant
1197,184,Solar Panels
1198,185,BBQ Area
1199,185,Swimming Pool
1200,185,Club House
1201,185,Covered Parking
1202,185,Water Filtration Plant
1203,185,Community Park
1204,185,Broadband Internet
1205,185,Mosque
1206,185,Mini Golf Course
1207,186,CCTV Surveillance
1208,186,24/7 Security
1209,186,Sewerage System
1210,186,Solar Panels
1211,187,Underground Electricity
1212,187,Solar Panels
1213,187,Community Park
1214,187,Swimming Pool
1215,187,Broadband Internet
1216,188,Covered Parking
1217,188,Kids Play Area
1218,188,Broadband Internet
1219,188,Wide Roads
1220,188,CCTV Surveillance
1221,188,Underground Electricity
1222,188,Club House
1223,188,24/7 Security
1224,189,Club House
1225,189,Kids Play Area
1226,189,Solar Panels
1227,189,Water Filtration Plant
1228,189,Gated Community
1229,189,Sewerage System
1230,189,Covered Parking
1231,189,Wide Roads
1232,190,Gated Community
1233,190,Wide Roads
1234,190,Water Filtration Plant
1235,190,Club House
1236,190,Solar Panels
1237,190,Sewerage System
1238,190,Underground Electricity
1239,191,Gated Community
1240,191,Underground Electricity
1241,191,Backup Generator
1242,191,Broadband Internet
1243,191,Club House
1244,191,Water Filtration Plant
1245,191,Gymnasium
1246,191,Covered Parking
1247,192,Broadband Internet
1248,192,Swimming Pool
1249,192,CCTV Surveillance
1250,192,Backup Generator
1251,192,Gated Community
1252,192,BBQ Area
1253,193,Gymnasium
1254,193,Broadband Internet
1255,193,Rooftop Terrace
1256,193,Community Park
1257,193,Mosque
1258,193,Water Filtration Plant
1259,193,Club House
1260,193,Backup Generator
1261,194,Mini Golf Course
1262,194,Gymnasium
1263,194,Club House
1264,194,CCTV Surveillance
1265,194,Kids Play Area
1266,194,Wide Roads
1267,194,24/7 Security
1268,194,Community Park
1269,194,Broadband Internet
1270,195,Underground Electricity
1271,195,Broadband Internet
1272,195,Community Park
1273,195,Sewerage System
1274,195,Kids Play Area
1275,195,BBQ Area
1276,195,Covered Parking
1277,195,Rooftop Terrace
1278,196,Mosque
1279,196,Community Park
1280,196,Solar Panels
1281,196,Broadband Internet
1282,196,BBQ Area
1283,197,Water Filtration Plant
1284,197,Club House
1285,197,Solar Panels
1286,197,Swimming Pool
1287,198,Mini Golf Course
1288,198,Club House
1289,198,Gated Community
1290,198,Swimming Pool
1291,198,Kids Play Area
1292,198,Backup Generator
1293,198,CCTV Surveillance
1294,199,Gymnasium
1295,199,Swimming Pool
1296,199,Solar Panels
1297,199,Rooftop Terrace
1298,199,Gated Community
1299,199,Underground Electricity
1300,199,Mini Golf Course
1301,199,CCTV Surveillance
1302,199,BBQ Area
1303,200,Backup Generator
1304,200,Swimming Pool
1305,200,Mosque
1306,200,Gymnasium
1307,200,Underground Electricity
1308,200,24/7 Security
1309,200,Solar Panels
1310,201,24/7 Security
1311,201,Broadband Internet
1312,201,Covered Parking
1313,201,Mini Golf Course
1314,201,Solar Panels
1315,201,Backup Generator
1316,202,Wide Roads
1317,202,Underground Electricity
1318,202,Covered Parking
1319,202,Broadband Internet
1320,202,CCTV Surveillance
1321,202,Solar Panels
1322,202,Gated Community
1323,203,Solar Panels
1324,203,24/7 Security
1325,203,Wide Roads
1326,203,Sewerage System
1327,203,Underground Electricity
1328,203,Rooftop Terrace
1329,203,Community Park
1330,203,CCTV Surveillance
1331,204,BBQ Area
1332,204,Gated Community
1333,204,Gymnasium
1334,204,Rooftop Terrace
1335,205,Rooftop Terrace
1336,205,Backup Generator
1337,205,Kids Play Area
1338,205,Community Park
1339,205,Gated Community
1340,205,Covered Parking
1341,205,Underground Electricity
1342,205,Water Filtration Plant
1343,205,Club House
1344,206,Backup Generator
1345,206,Rooftop Terrace
1346,206,Mini Golf Course
1347,206,Swimming Pool
1348,206,Broadband Internet
1349,206,BBQ Area
1350,206,Solar Panels
1351,206,Water Filtration Plant
1352,206,24/7 Security
1353,207,Backup Generator
1354,207,Kids Play Area
1355,207,BBQ Area
1356,207,Club House
1357,208,CCTV Surveillance
1358,208,Mini Golf Course
1359,208,Community Park
1360,208,Backup Generator
1361,209,Gymnasium
1362,209,Mosque
1363,209,Sewerage System
1364,209,Kids Play Area
1365,209,CCTV Surveillance
1366,209,Mini Golf Course
1367,209,Rooftop Terrace
1368,210,Underground Electricity
1369,210,Gated Community
1370,210,Mosque
1371,210,Water Filtration Plant
1372,210,Community Park
1373,210,Wide Roads
1374,210,BBQ Area
1375,210,CCTV Surveillance
1376,210,Backup Generator
1377,211,Backup Generator
1378,211,CCTV Surveillance
1379,211,Kids Play Area
1380,211,Sewerage System
1381,211,BBQ Area
1382,211,Broadband Internet
1383,211,Community Park
1384,211,Solar Panels
1385,211,Club House
1386,212,Water Filtration Plant
1387,212,Covered Parking
1388,212,Rooftop Terrace
1389,212,Swimming Pool
1390,212,Wide Roads
1391,212,BBQ Area
1392,212,Gymnasium
1393,213,24/7 Security
1394,213,Mosque
1395,213,Solar Panels
1396,213,Broadband Internet
1397,213,Rooftop Terrace
1398,214,Underground Electricity
1399,214,CCTV Surveillance
1400,214,Rooftop Terrace
1401,214,Gated Community
1402,214,Kids Play Area
1403,214,Swimming Pool
1404,214,Sewerage System
1405,214,Club House
1406,214,Covered Parking
1407,215,24/7 Security
1408,215,Underground Electricity
1409,215,Backup Generator
1410,215,Sewerage System
1411,215,Community Park
1412,216,Backup Generator
1413,216,Water Filtration Plant
1414,216,Mini Golf Course
1415,216,Kids Play Area
1416,216,24/7 Security
1417,216,Gated Community
1418,217,Kids Play Area
1419,217,Solar Panels
1420,217,Club House
1421,217,24/7 Security
1422,217,Swimming Pool
1423,217,Mosque
1424,217,Covered Parking
1425,217,CCTV Surveillance
1426,217,Rooftop Terrace
1427,218,Covered Parking
1428,218,Gated Community
1429,218,Gymnasium
1430,218,Solar Panels
1431,218,Mini Golf Course
1432,218,Kids Play Area
1433,218,Wide Roads
1434,219,Kids Play Area
1435,219,Broadband Internet
1436,219,CCTV Surveillance
1437,219,Gated Community
1438,219,Backup Generator
1439,219,Covered Parking
1440,219,BBQ Area
1441,219,Solar Panels
1442,220,Mini Golf Course
1443,220,Solar Panels
1444,220,24/7 Security
1445,220,Underground Electricity
1446,220,Kids Play Area
1447,220,Club House
1448,221,Community Park
1449,221,Gymnasium
1450,221,Sewerage System
1451,221,24/7 Security
1452,221,Kids Play Area
1453,221,Underground Electricity
1454,222,Mini Golf Course
1455,222,Swimming Pool
1456,222,Club House
1457,222,Rooftop Terrace
1458,222,Mosque
1459,222,CCTV Surveillance
1460,222,Solar Panels
1461,222,Broadband Internet
1462,222,Gymnasium
1463,223,Kids Play Area
1464,223,Gated Community
1465,223,Sewerage System
1466,223,CCTV Surveillance
1467,223,Community Park
1468,223,Wide Roads
1469,223,Mosque
1470,223,Swimming Pool
1471,223,Broadband Internet
1472,224,Underground Electricity
1473,224,Water Filtration Plant
1474,224,Backup Generator
1475,224,Swimming Pool
1476,224,Mosque
1477,224,Rooftop Terrace
1478,225,Underground Electricity
1479,225,Community Park
1480,225,Broadband Internet
1481,225,Water Filtration Plant
1482,226,Covered Parking
1483,226,Water Filtration Plant
1484,226,Gymnasium
1485,226,Underground Electricity
1486,227,Covered Parking
1487,227,Water Filtration Plant
1488,227,Backup Generator
1489,227,Kids Play Area
1490,227,Gymnasium
1491,227,Club House
1492,228,Water Filtration Plant
1493,228,Gymnasium
1494,228,Underground Electricity
1495,228,Gated Community
1496,229,Club House
1497,229,Water Filtration Plant
1498,229,Mosque
1499,229,24/7 Security
1500,229,Backup Generator
1501,229,Broadband Internet
1502,229,Rooftop Terrace
1503,230,Solar Panels
1504,230,Community Park
1505,230,Kids Play Area
1506,230,Broadband Internet
1507,230,Gated Community
1508,230,Covered Parking
1509,230,Sewerage System
1510,230,Club House
1511,230,Mini Golf Course
1512,231,Backup Generator
1513,231,24/7 Security
1514,231,Solar Panels
1515,231,Underground Electricity
1516,231,Kids Play Area
1517,231,Mosque
1518,231,Broadband Internet
1519,231,Gymnasium
1520,231,Club House
1521,232,Kids Play Area
1522,232,Broadband Internet
1523,232,Mosque
1524,232,Sewerage System
1525,232,Gymnasium
1526,232,Community Park
1527,232,Covered Parking
1528,232,Gated Community
1529,233,Solar Panels
1530,233,Mini Golf Course
1531,233,Water Filtration Plant
1532,233,Mosque
1533,234,Mini Golf Course
1534,234,BBQ Area
1535,234,Solar Panels
1536,234,Kids Play Area
1537,234,Sewerage System
1538,235,Backup Generator
1539,235,Rooftop Terrace
1540,235,Wide Roads
1541,235,Swimming Pool
1542,235,Community Park
1543,236,Solar Panels
1544,236,Kids Play Area
1545,236,Mini Golf Course
1546,236,Broadband Internet
1547,236,Gated Community
1548,236,Community Park
1549,237,Covered Parking
1550,237,Gated Community
1551,237,Mosque
1552,237,Club House
1553,238,Community Park
1554,238,CCTV Surveillance
1555,238,Club House
1556,238,Swimming Pool
1557,239,Solar Panels
1558,239,Rooftop Terrace
1559,239,Broadband Internet
1560,239,BBQ Area
1561,239,Backup Generator
1562,239,Swimming Pool
1563,239,CCTV Surveillance
1564,239,Mosque
1565,239,Water Filtration Plant
1566,240,Mini Golf Course
1567,240,Community Park
1568,240,Broadband Internet
1569,240,Gymnasium
1570,240,Rooftop Terrace
1571,240,CCTV Surveillance
1572,240,Club House
1573,240,BBQ Area
1574,240,Wide Roads
1575,241,Broadband Internet
1576,241,Backup Generator
1577,241,Solar Panels
1578,241,Covered Parking
1579,242,Wide Roads
1580,242,Gymnasium
1581,242,Sewerage System
1582,242,BBQ Area
1583,242,Club House
1584,243,Kids Play Area
1585,243,Solar Panels
1586,243,Broadband Internet
1587,243,Covered Parking
1588,243,24/7 Security
1589,244,Covered Parking
1590,244,Mosque
1591,244,BBQ Area
1592,244,Solar Panels
1593,245,Swimming Pool
1594,245,Backup Generator
1595,245,BBQ Area
1596,245,Gymnasium
1597,245,Mosque
1598,245,Underground Electricity
1599,245,CCTV Surveillance
1600,246,Mosque
1601,246,Kids Play Area
1602,246,Mini Golf Course
1603,246,Community Park
1604,246,Backup Generator
1605,246,Sewerage System
1606,246,Wide Roads
1607,246,Underground Electricity
1608,246,Covered Parking
1609,247,Wide Roads
1610,247,Solar Panels
1611,247,Mini Golf Course
1612,247,Swimming Pool
1613,247,Covered Parking
1614,247,Underground Electricity
1615,247,Gated Community
1616,248,Underground Electricity
1617,248,Rooftop Terrace
1618,248,CCTV Surveillance
1619,248,Mini Golf Course
1620,248,Kids Play Area
1621,248,Sewerage System
1622,249,Wide Roads
1623,249,Swimming Pool
1624,249,Community Park
1625,249,Covered Parking
1626,249,Mosque
1627,249,Backup Generator
1628,249,Broadband Internet
1629,249,Solar Panels
1630,249,Rooftop Terrace
1631,250,Mosque
1632,250,Broadband Internet
1633,250,Swimming Pool
1634,250,Backup Generator
1635,250,Club House
1636,250,Gated Community
1637,250,Water Filtration Plant
1638,250,Rooftop Terrace
1639,251,Solar Panels
1640,251,Club House
1641,251,Kids Play Area
1642,251,Covered Parking
1643,251,Gated Community
1644,251,Water Filtration Plant
1645,251,Mosque
1646,251,Community Park
1647,251,Backup Generator
1648,252,24/7 Security
1649,252,Gymnasium
1650,252,Rooftop Terrace
1651,252,Broadband Internet
1652,252,Backup Generator
1653,252,Underground Electricity
1654,252,Covered Parking
1655,252,CCTV Surveillance
1656,252,Wide Roads
1657,253,Underground Electricity
1658,253,Kids Play Area
1659,253,Backup Generator
1660,253,Mini Golf Course
1661,253,CCTV Surveillance
1662,254,BBQ Area
1663,254,Community Park
1664,254,24/7 Security
1665,254,Water Filtration Plant
1666,254,Club House
1667,254,CCTV Surveillance
1668,254,Rooftop Terrace
1669,254,Gymnasium
1670,254,Mini Golf Course
1671,255,Mini Golf Course
1672,255,Gated Community
1673,255,24/7 Security
1674,255,BBQ Area
1675,255,Mosque
1676,255,CCTV Surveillance
1677,256,24/7 Security
1678,256,Wide Roads
1679,256,CCTV Surveillance
1680,256,Club House
1681,256,Kids Play Area
1682,256,BBQ Area
1683,257,Club House
1684,257,Solar Panels
1685,257,CCTV Surveillance
1686,257,Underground Electricity
1687,257,Swimming Pool
1688,257,Wide Roads
1689,257,Community Park
1690,258,Mini Golf Course
1691,258,Club House
1692,258,BBQ Area
1693,258,CCTV Surveillance
1694,258,Gymnasium
1695,259,Gymnasium
1696,259,Solar Panels
1697,259,24/7 Security
1698,259,Community Park
1699,259,Mini Golf Course
1700,259,Water Filtration Plant
1701,260,Covered Parking
1702,260,CCTV Surveillance
1703,260,Gymnasium
1704,260,Community Park
1705,260,Mini Golf Course
1706,260,Kids Play Area
1707,260,Club House
1708,260,Underground Electricity
1709,260,Wide Roads
1710,261,Solar Panels
1711,261,CCTV Surveillance
1712,261,Swimming Pool
1713,261,Broadband Internet
1714,261,Rooftop Terrace
1715,261,Sewerage System
1716,261,Covered Parking
1717,261,Wide Roads
1718,261,Underground Electricity
1719,262,Wide Roads
1720,262,Swimming Pool
1721,262,CCTV Surveillance
1722,262,24/7 Security
1723,262,Covered Parking
1724,262,Mini Golf Course
1725,263,Wide Roads
1726,263,Water Filtration Plant
1727,263,Sewerage System
1728,263,CCTV Surveillance
1729,263,BBQ Area
1730,263,24/7 Security
1731,263,Broadband Internet
1732,263,Backup Generator
1733,263,Solar Panels
1734,264,BBQ Area
1735,264,Mosque
1736,264,Covered Parking
1737,264,Community Park
1738,264,Gymnasium
1739,264,Solar Panels
1740,264,Broadband Internet
1741,264,Sewerage System
1742,264,Mini Golf Course
1743,265,Water Filtration Plant
1744,265,Community Park
1745,265,Solar Panels
1746,265,Rooftop Terrace
1747,265,Wide Roads
1748,265,Covered Parking
1749,265,Kids Play Area
1750,266,Community Park
1751,266,Mini Golf Course
1752,266,Backup Generator
1753,266,Gated Community
1754,266,Kids Play Area
1755,266,Sewerage System
1756,266,Club House
1757,266,24/7 Security
1758,266,Wide Roads
1759,267,Water Filtration Plant
1760,267,Covered Parking
1761,267,Kids Play Area
1762,267,CCTV Surveillance
1763,267,BBQ Area
1764,267,Club House
1765,267,Gymnasium
1766,268,Swimming Pool
1767,268,Gated Community
1768,268,Backup Generator
1769,268,Sewerage System
1770,268,Rooftop Terrace
1771,268,Kids Play Area
1772,269,Rooftop Terrace
1773,269,Swimming Pool
1774,269,Gated Community
1775,269,Backup Generator
1776,269,24/7 Security
1777,269,Gymnasium
1778,269,Wide Roads
1779,270,Gymnasium
1780,270,Water Filtration Plant
1781,270,Community Park
1782,270,Sewerage System
1783,271,Gymnasium
1784,271,Sewerage System
1785,271,Rooftop Terrace
1786,271,Mini Golf Course
1787,271,24/7 Security
1788,271,BBQ Area
1789,272,Solar Panels
1790,272,Swimming Pool
1791,272,Gymnasium
1792,272,Broadband Internet
1793,273,Swimming Pool
1794,273,Sewerage System
1795,273,Wide Roads
1796,273,Covered Parking
1797,273,Solar Panels
1798,273,Club House
1799,274,Gated Community
1800,274,Kids Play Area
1801,274,Community Park
1802,274,Gymnasium
1803,274,Water Filtration Plant
1804,274,CCTV Surveillance
1805,274,Wide Roads
1806,274,Club House
1807,275,Club House
1808,275,Wide Roads
1809,275,Broadband Internet
1810,275,Swimming Pool
1811,275,Underground Electricity
1812,275,Backup Generator
1813,275,BBQ Area
1814,276,Gated Community
1815,276,Sewerage System
1816,276,Mosque
1817,276,Solar Panels
1818,276,Swimming Pool
1819,276,Wide Roads
1820,277,Covered Parking
1821,277,Backup Generator
1822,277,Solar Panels
1823,277,Wide Roads
1824,277,Club House
1825,277,Kids Play Area
1826,277,BBQ Area
1827,278,Covered Parking
1828,278,Sewerage System
1829,278,Gymnasium
1830,278,Water Filtration Plant
1831,278,CCTV Surveillance
1832,278,24/7 Security
1833,278,Mini Golf Course
1834,279,Club House
1835,279,Kids Play Area
1836,279,Water Filtration Plant
1837,279,Gated Community
1838,279,Mosque
1839,279,Broadband Internet
1840,279,Sewerage System
1841,280,BBQ Area
1842,280,CCTV Surveillance
1843,280,Sewerage System
1844,280,Kids Play Area
1845,280,Mini Golf Course
1846,280,Gymnasium
1847,280,Club House
1848,280,Gated Community
1849,280,Broadband Internet
1850,281,Rooftop Terrace
1851,281,Club House
1852,281,Broadband Internet
1853,281,Wide Roads
1854,281,Underground Electricity
1855,281,Sewerage System
1856,281,Swimming Pool
1857,281,Kids Play Area
1858,281,BBQ Area
1859,282,Kids Play Area
1860,282,Mini Golf Course
1861,282,24/7 Security
1862,282,Rooftop Terrace
1863,282,Community Park
1864,283,CCTV Surveillance
1865,283,Mosque
1866,283,Water Filtration Plant
1867,283,Rooftop Terrace
1868,284,Broadband Internet
1869,284,BBQ Area
1870,284,Wide Roads
1871,284,Backup Generator
1872,284,Sewerage System
1873,284,Mosque
1874,284,24/7 Security
1875,284,CCTV Surveillance
1876,284,Water Filtration Plant
1877,285,Gated Community
1878,285,Underground Electricity
1879,285,Mosque
1880,285,Mini Golf Course
1881,286,Solar Panels
1882,286,Gymnasium
1883,286,Club House
1884,286,Swimming Pool
1885,287,Swimming Pool
1886,287,Sewerage System
1887,287,Backup Generator
1888,287,Broadband Internet
1889,288,Community Park
1890,288,Broadband Internet
1891,288,Sewerage System
1892,288,CCTV Surveillance
1893,288,Kids Play Area
1894,288,Gymnasium
1895,288,Solar Panels
1896,288,Club House
1897,288,Gated Community
1898,289,Gated Community
1899,289,Club House
1900,289,Rooftop Terrace
1901,289,Kids Play Area
1902,289,Solar Panels
1903,289,Gymnasium
1904,290,Swimming Pool
1905,290,Broadband Internet
1906,290,Community Park
1907,290,Covered Parking
1908,290,Underground Electricity
1909,290,Backup Generator
1910,291,Swimming Pool
1911,291,Covered Parking
1912,291,Mosque
1913,291,Gymnasium
1914,291,CCTV Surveillance
1915,291,Mini Golf Course
1916,291,Backup Generator
1917,292,Mosque
1918,292,Broadband Internet
1919,292,Sewerage System
1920,292,Solar Panels
1921,292,Gated Community
1922,292,Covered Parking
1923,292,Rooftop Terrace
1924,292,Backup Generator
1925,292,BBQ Area
1926,293,Broadband Internet
1927,293,24/7 Security
1928,293,Covered Parking
1929,293,Gymnasium
1930,293,Rooftop Terrace
1931,293,Solar Panels
1932,294,Club House
1933,294,Sewerage System
1934,294,Gymnasium
1935,294,Kids Play Area
1936,295,Rooftop Terrace
1937,295,24/7 Security
1938,295,Water Filtration Plant
1939,295,Covered Parking
1940,295,Mini Golf Course
1941,295,Underground Electricity
1942,295,Broadband Internet
1943,296,Community Park
1944,296,Mini Golf Course
1945,296,Wide Roads
1946,296,24/7 Security
1947,296,Club House
1948,296,BBQ Area
1949,296,CCTV Surveillance
1950,296,Covered Parking
1951,296,Rooftop Terrace
1952,297,Rooftop Terrace
1953,297,Mini Golf Course
1954,297,BBQ Area
1955,297,Kids Play Area
1956,298,Backup Generator
1957,298,Club House
1958,298,Gated Community
1959,298,Community Park
1960,298,BBQ Area
1961,298,Sewerage System
1962,298,CCTV Surveillance
1963,298,Swimming Pool
1964,298,Mini Golf Course
1965,299,Backup Generator
1966,299,Underground Electricity
1967,299,Swimming Pool
1968,299,Gated Community
1969,299,Club House
1970,299,Kids Play Area
1971,299,Mosque
1972,300,Club House
1973,300,Mosque
1974,300,BBQ Area
1975,300,Covered Parking
1976,300,Community Park
1977,300,Broadband Internet
