property_id,location_id,page_url,property_type,price,price_bin,location,city,province_name,locality,latitude,longitude,baths,area,area_marla,area_sqft,purpose,bedrooms,date_added,year,month,day,agency,agent
1,1001,https://www.zameen.com/Property/lahore_dha_phase_5_1.html,Farm House,5408000.0,3M - 8M,"DHA Phase 5, Lahore",Lahore,Punjab,DHA Phase 5,31.445485,74.293691,1,7.42 Marla,7.42,2020.1,For Sale,1,2024-02-12,2024,2,12,Graana Real Estate,Kashif Iqbal
2,1002,https://www.zameen.com/Property/karachi_north_nazimabad_2.html,Room,5007000.0,3M - 8M,"North Nazimabad, Karachi",Karachi,Sindh,North Nazimabad,24.910209,66.92214,1,8.35 Marla,8.35,2273.29,For Sale,1,2020-06-21,2020,6,21,Metro Homes Realty,Kashif Butt
3,1003,https://www.zameen.com/Property/karachi_malir_3.html,Lower Portion,1988000.0,Under 3M,"Malir, Karachi",Karachi,Sindh,Malir,24.823023,66.928052,3,6.6 Marla,6.6,1796.85,For Sale,3,2019-02-01,2019,2,1,Aiwan-e-Property,Hassan Aslam
4,1004,https://www.zameen.com/Property/rawalpindi_bahria_town_rawalpindi_4.html,Lower Portion,6620000.0,3M - 8M,"Bahria Town Rawalpindi, Rawalpindi",Rawalpindi,Punjab,Bahria Town Rawalpindi,33.642735,73.073751,5,10.66 Marla,10.66,2902.18,For Sale,5,2018-10-12,2018,10,12,Graana Real Estate,Ayesha Butt
5,1005,https://www.zameen.com/Property/lahore_johar_town_5.html,Upper Portion,7635000.0,3M - 8M,"Johar Town, Lahore",Lahore,Punjab,Johar Town,31.55706,74.304844,3,11.19 Marla,11.19,3046.48,For Sale,3,2018-10-20,2018,10,20,Prime Estate Consultants,Sara Javed
6,1006,https://www.zameen.com/Property/rawalpindi_satellite_town_6.html,Farm House,6494000.0,3M - 8M,"Satellite Town, Rawalpindi",Rawalpindi,Punjab,Satellite Town,33.518857,73.087766,1,8.3 Marla,8.3,2259.68,For Sale,1,2021-07-16,2021,7,16,Metro Homes Realty,Usman Malik
7,1007,https://www.zameen.com/Property/islamabad_bahria_town_islamabad_7.html,Farm House,13588000.0,8M - 20M,"Bahria Town Islamabad, Islamabad",Islamabad,Islamabad Capital Territory,Bahria Town Islamabad,33.748052,73.031804,2,18.57 Marla,18.57,5055.68,For Sale,2,2024-01-17,2024,1,17,Aiwan-e-Property,Kashif Iqbal
8,1008,https://www.zameen.com/Property/karachi_clifton_8.html,Room,2106000.0,Under 3M,"Clifton, Karachi",Karachi,Sindh,Clifton,24.841759,67.080479,1,3.22 Marla,3.22,876.65,For Sale,1,2022-09-26,2022,9,26,Prime Estate Consultants,Bilal Iqbal
9,1009,https://www.zameen.com/Property/faisalabad_jaranwala_road_9.html,Room,110300.0,Rental,"Jaranwala Road, Faisalabad",Faisalabad,Punjab,Jaranwala Road,31.388248,73.124562,1,3.11 Marla,3.11,846.7,For Rent,1,2024-01-09,2024,1,9,Skyline Properties,Usman Raza
10,1010,https://www.zameen.com/Property/rawalpindi_bahria_town_rawalpindi_10.html,Farm House,463600.0,Rental,"Bahria Town Rawalpindi, Rawalpindi",Rawalpindi,Punjab,Bahria Town Rawalpindi,33.516926,72.996726,1,10.94 Marla,10.94,2978.41,For Rent,2,2021-05-07,2021,5,7,Skyline Properties,Imran Aslam
11,1011,https://www.zameen.com/Property/karachi_north_nazimabad_11.html,Penthouse,56200.0,Rental,"North Nazimabad, Karachi",Karachi,Sindh,North Nazimabad,24.789968,67.061582,4,3.06 Marla,3.06,833.09,For Rent,4,2022-01-26,2022,1,26,Skyline Properties,Usman Sheikh
12,1012,https://www.zameen.com/Property/lahore_dha_phase_5_12.html,Farm House,1780000.0,Under 3M,"DHA Phase 5, Lahore",Lahore,Punjab,DHA Phase 5,31.524828,74.375755,5,5.48 Marla,5.48,1491.93,For Sale,5,2023-05-01,2023,5,1,Prime Estate Consultants,Sara Butt
13,1013,https://www.zameen.com/Property/karachi_north_nazimabad_13.html,Penthouse,5579000.0,3M - 8M,"North Nazimabad, Karachi",Karachi,Sindh,North Nazimabad,24.820365,66.931344,3,8.34 Marla,8.34,2270.57,For Sale,4,2022-11-30,2022,11,30,Prime Estate Consultants,Zainab Malik
14,1014,https://www.zameen.com/Property/lahore_gulberg_14.html,Room,4734000.0,3M - 8M,"Gulberg, Lahore",Lahore,Punjab,Gulberg,31.451737,74.316781,1,7.21 Marla,7.21,1962.92,For Sale,1,2020-07-26,2020,7,26,Graana Real Estate,Ahmed Raza
15,1015,https://www.zameen.com/Property/rawalpindi_dha_phase_2_rawalpindi_15.html,Room,14663000.0,8M - 20M,"DHA Phase 2 Rawalpindi, Rawalpindi",Rawalpindi,Punjab,DHA Phase 2 Rawalpindi,33.541788,73.002676,1,18.97 Marla,18.97,5164.58,For Sale,1,2020-02-19,2020,2,19,Graana Real Estate,Bilal Iqbal
16,1016,https://www.zameen.com/Property/lahore_model_town_16.html,Farm House,177900.0,Rental,"Model Town, Lahore",Lahore,Punjab,Model Town,31.526206,74.301129,6,4.56 Marla,4.56,1241.46,For Rent,6,2019-03-24,2019,3,24,Zameen Estate Hub,Ayesha Sheikh
17,1017,https://www.zameen.com/Property/karachi_gulshan-e-iqbal_17.html,Lower Portion,1351000.0,Under 3M,"Gulshan-e-Iqbal, Karachi",Karachi,Sindh,Gulshan-e-Iqbal,24.928919,67.056891,5,4.94 Marla,4.94,1344.92,For Sale,5,2024-01-24,2024,1,24,Skyline Properties,Ahmed Malik
18,1018,https://www.zameen.com/Property/karachi_bahria_town_karachi_18.html,Lower Portion,3913000.0,3M - 8M,"Bahria Town Karachi, Karachi",Karachi,Sindh,Bahria Town Karachi,24.848381,67.074271,2,16.21 Marla,16.21,4413.17,For Sale,2,2022-05-19,2022,5,19,Aiwan-e-Property,Zainab Butt
19,1019,https://www.zameen.com/Property/faisalabad_madina_town_19.html,Flat,5231000.0,3M - 8M,"Madina Town, Faisalabad",Faisalabad,Punjab,Madina Town,31.446686,73.202102,4,8.75 Marla,8.75,2382.19,For Sale,5,2021-07-08,2021,7,8,Graana Real Estate,Ahmed Aslam
20,1020,https://www.zameen.com/Property/faisalabad_susan_road_20.html,House,91200.0,Rental,"Susan Road, Faisalabad",Faisalabad,Punjab,Susan Road,31.409794,73.150123,1,5.35 Marla,5.35,1456.54,For Rent,1,2020-08-21,2020,8,21,Metro Homes Realty,Bilal Aslam
21,1021,https://www.zameen.com/Property/faisalabad_wapda_city_21.html,Lower Portion,16423000.0,8M - 20M,"Wapda City, Faisalabad",Faisalabad,Punjab,Wapda City,31.391341,73.15828,3,24.08 Marla,24.08,6555.78,For Sale,3,2021-07-10,2021,7,10,Zameen Estate Hub,Usman Iqbal
22,1022,https://www.zameen.com/Property/rawalpindi_satellite_town_22.html,Penthouse,51100.0,Rental,"Satellite Town, Rawalpindi",Rawalpindi,Punjab,Satellite Town,33.634422,73.077838,5,2.97 Marla,2.97,808.58,For Rent,5,2020-05-23,2020,5,23,Prime Estate Consultants,Usman Chaudhry
23,1023,https://www.zameen.com/Property/karachi_gulshan-e-iqbal_23.html,Upper Portion,15328000.0,8M - 20M,"Gulshan-e-Iqbal, Karachi",Karachi,Sindh,Gulshan-e-Iqbal,24.823015,67.063454,4,26.02 Marla,26.02,7083.94,For Sale,5,2024-03-21,2024,3,21,Aiwan-e-Property,Bilal Chaudhry
24,1024,https://www.zameen.com/Property/faisalabad_susan_road_24.html,Upper Portion,5499000.0,3M - 8M,"Susan Road, Faisalabad",Faisalabad,Punjab,Susan Road,31.515254,73.190377,1,8.35 Marla,8.35,2273.29,For Sale,2,2020-12-17,2020,12,17,Prime Estate Consultants,Zainab Butt
25,1025,https://www.zameen.com/Property/lahore_model_town_25.html,Lower Portion,119900.0,Rental,"Model Town, Lahore",Lahore,Punjab,Model Town,31.553307,74.368445,1,2.7 Marla,2.7,735.08,For Rent,2,2019-10-24,2019,10,24,City Housing Marketing,Zainab Javed
26,1026,https://www.zameen.com/Property/lahore_dha_phase_5_26.html,Farm House,716100.0,Rental,"DHA Phase 5, Lahore",Lahore,Punjab,DHA Phase 5,31.498744,74.427994,2,22.68 Marla,22.68,6174.63,For Rent,3,2022-10-27,2022,10,27,Zameen Estate Hub,Ahmed Butt
27,1027,https://www.zameen.com/Property/lahore_bahria_town_27.html,Flat,4281000.0,3M - 8M,"Bahria Town, Lahore",Lahore,Punjab,Bahria Town,31.581427,74.282666,5,4.85 Marla,4.85,1320.41,For Sale,5,2019-09-26,2019,9,26,Zameen Estate Hub,Sara Chaudhry
28,1028,https://www.zameen.com/Property/islamabad_f-10_28.html,Penthouse,3758000.0,3M - 8M,"F-10, Islamabad",Islamabad,Islamabad Capital Territory,F-10,33.636332,73.114852,6,7.63 Marla,7.63,2077.27,For Sale,6,2018-06-08,2018,6,8,Skyline Properties,Zainab Sheikh
29,1029,https://www.zameen.com/Property/islamabad_g-13_29.html,Penthouse,203800.0,Rental,"G-13, Islamabad",Islamabad,Islamabad Capital Territory,G-13,33.660583,73.049405,6,7.56 Marla,7.56,2058.21,For Rent,6,2021-02-15,2021,2,15,Skyline Properties,Bilal Butt
30,1030,https://www.zameen.com/Property/faisalabad_jaranwala_road_30.html,House,2916000.0,Under 3M,"Jaranwala Road, Faisalabad",Faisalabad,Punjab,Jaranwala Road,31.467393,73.136828,3,9.36 Marla,9.36,2548.26,For Sale,3,2022-11-15,2022,11,15,Aiwan-e-Property,Hassan Iqbal
31,1031,https://www.zameen.com/Property/rawalpindi_dha_phase_2_rawalpindi_31.html,Upper Portion,9657000.0,8M - 20M,"DHA Phase 2 Rawalpindi, Rawalpindi",Rawalpindi,Punjab,DHA Phase 2 Rawalpindi,33.63692,73.084223,4,13.51 Marla,13.51,3678.1,For Sale,5,2020-03-18,2020,3,18,Aiwan-e-Property,Fatima Malik
32,1032,https://www.zameen.com/Property/faisalabad_jaranwala_road_32.html,Farm House,248100.0,Rental,"Jaranwala Road, Faisalabad",Faisalabad,Punjab,Jaranwala Road,31.437671,73.205458,6,10.01 Marla,10.01,2725.22,For Rent,6,2021-04-26,2021,4,26,Prime Estate Consultants,Sara Sheikh
33,1033,https://www.zameen.com/Property/karachi_north_nazimabad_33.html,Room,11451000.0,8M - 20M,"North Nazimabad, Karachi",Karachi,Sindh,North Nazimabad,24.885453,66.995498,1,26.67 Marla,26.67,7260.91,For Sale,1,2022-10-27,2022,10,27,Skyline Properties,Kashif Aslam
34,1034,https://www.zameen.com/Property/rawalpindi_dha_phase_2_rawalpindi_34.html,Room,4189000.0,3M - 8M,"DHA Phase 2 Rawalpindi, Rawalpindi",Rawalpindi,Punjab,DHA Phase 2 Rawalpindi,33.592747,72.972843,1,7.22 Marla,7.22,1965.64,For Sale,1,2024-12-11,2024,12,11,Aiwan-e-Property,Bilal Sheikh
35,1035,https://www.zameen.com/Property/karachi_clifton_35.html,House,10502000.0,8M - 20M,"Clifton, Karachi",Karachi,Sindh,Clifton,24.844644,66.944711,1,20.45 Marla,20.45,5567.51,For Sale,1,2024-06-15,2024,6,15,Zameen Estate Hub,Fatima Farooq
36,1036,https://www.zameen.com/Property/lahore_wapda_town_36.html,Penthouse,206600.0,Rental,"Wapda Town, Lahore",Lahore,Punjab,Wapda Town,31.480272,74.414434,2,5.28 Marla,5.28,1437.48,For Rent,2,2023-10-23,2023,10,23,Metro Homes Realty,Ahmed Javed
37,1037,https://www.zameen.com/Property/rawalpindi_dha_phase_2_rawalpindi_37.html,Penthouse,23791000.0,20M - 50M,"DHA Phase 2 Rawalpindi, Rawalpindi",Rawalpindi,Punjab,DHA Phase 2 Rawalpindi,33.617991,73.02456,5,27.44 Marla,27.44,7470.54,For Sale,5,2022-12-18,2022,12,18,Prime Estate Consultants,Imran Iqbal
38,1038,https://www.zameen.com/Property/karachi_malir_38.html,Penthouse,7827000.0,3M - 8M,"Malir, Karachi",Karachi,Sindh,Malir,24.85108,67.035267,6,10.5 Marla,10.5,2858.62,For Sale,6,2023-11-06,2023,11,6,Metro Homes Realty,Ayesha Butt
39,1039,https://www.zameen.com/Property/karachi_gulshan-e-iqbal_39.html,Upper Portion,11285000.0,8M - 20M,"Gulshan-e-Iqbal, Karachi",Karachi,Sindh,Gulshan-e-Iqbal,24.847079,66.974041,2,22.9 Marla,22.9,6234.52,For Sale,2,2019-09-18,2019,9,18,City Housing Marketing,Ayesha Malik
40,1000,https://www.zameen.com/Property/rawalpindi_askari_14_40.html,House,3710000.0,3M - 8M,"Askari 14, Rawalpindi",Rawalpindi,Punjab,Askari 14,33.635939,72.984678,4,14.67 Marla,14.67,3993.91,For Sale,5,2024-06-16,2024,6,16,Metro Homes Realty,Zainab Khan
41,1001,https://www.zameen.com/Property/rawalpindi_askari_14_41.html,Room,14899000.0,8M - 20M,"Askari 14, Rawalpindi",Rawalpindi,Punjab,Askari 14,33.547317,73.04392,1,26.5 Marla,26.5,7214.62,For Sale,1,2021-01-22,2021,1,22,Metro Homes Realty,Zainab Khan
42,1002,https://www.zameen.com/Property/rawalpindi_dha_phase_2_rawalpindi_42.html,Penthouse,6432000.0,3M - 8M,"DHA Phase 2 Rawalpindi, Rawalpindi",Rawalpindi,Punjab,DHA Phase 2 Rawalpindi,33.58794,72.958612,5,7.67 Marla,7.67,2088.16,For Sale,5,2024-08-21,2024,8,21,Prime Estate Consultants,Ahmed Malik
43,1003,https://www.zameen.com/Property/rawalpindi_dha_phase_2_rawalpindi_43.html,House,8397000.0,8M - 20M,"DHA Phase 2 Rawalpindi, Rawalpindi",Rawalpindi,Punjab,DHA Phase 2 Rawalpindi,33.618686,73.012149,3,11.31 Marla,11.31,3079.15,For Sale,3,2022-04-02,2022,4,2,Aiwan-e-Property,Fatima Butt
44,1004,https://www.zameen.com/Property/faisalabad_wapda_city_44.html,Upper Portion,3896000.0,3M - 8M,"Wapda City, Faisalabad",Faisalabad,Punjab,Wapda City,31.394781,73.075195,6,5.28 Marla,5.28,1437.48,For Sale,6,2020-10-09,2020,10,9,Zameen Estate Hub,Ahmed Aslam
45,1005,https://www.zameen.com/Property/lahore_gulberg_45.html,Flat,6747000.0,3M - 8M,"Gulberg, Lahore",Lahore,Punjab,Gulberg,31.457696,74.282809,1,10.53 Marla,10.53,2866.79,For Sale,2,2019-04-15,2019,4,15,Skyline Properties,Sara Butt
46,1006,https://www.zameen.com/Property/islamabad_pwd_housing_scheme_46.html,Farm House,253800.0,Rental,"PWD Housing Scheme, Islamabad",Islamabad,Islamabad Capital Territory,PWD Housing Scheme,33.733284,73.095296,6,14.69 Marla,14.69,3999.35,For Rent,6,2020-09-21,2020,9,21,Graana Real Estate,Usman Aslam
47,1007,https://www.zameen.com/Property/faisalabad_wapda_city_47.html,Upper Portion,2724000.0,Under 3M,"Wapda City, Faisalabad",Faisalabad,Punjab,Wapda City,31.439764,73.11295,6,10.97 Marla,10.97,2986.58,For Sale,6,2022-09-17,2022,9,17,Skyline Properties,Zainab Malik
48,1008,https://www.zameen.com/Property/rawalpindi_dha_phase_2_rawalpindi_48.html,Lower Portion,21137000.0,20M - 50M,"DHA Phase 2 Rawalpindi, Rawalpindi",Rawalpindi,Punjab,DHA Phase 2 Rawalpindi,33.554792,73.053864,2,27.33 Marla,27.33,7440.59,For Sale,3,2024-01-14,2024,1,14,Skyline Properties,Zainab Farooq
49,1009,https://www.zameen.com/Property/islamabad_g-13_49.html,Penthouse,3515000.0,3M - 8M,"G-13, Islamabad",Islamabad,Islamabad Capital Territory,G-13,33.608992,73.104052,4,4.78 Marla,4.78,1301.36,For Sale,4,2024-05-23,2024,5,23,Prime Estate Consultants,Fatima Raza
50,1010,https://www.zameen.com/Property/karachi_bahria_town_karachi_50.html,Flat,7946000.0,3M - 8M,"Bahria Town Karachi, Karachi",Karachi,Sindh,Bahria Town Karachi,24.794398,67.036312,4,9.68 Marla,9.68,2635.38,For Sale,5,2024-03-26,2024,3,26,Graana Real Estate,Imran Sheikh
51,1011,https://www.zameen.com/Property/rawalpindi_dha_phase_2_rawalpindi_51.html,Farm House,8593000.0,8M - 20M,"DHA Phase 2 Rawalpindi, Rawalpindi",Rawalpindi,Punjab,DHA Phase 2 Rawalpindi,33.591334,72.995943,1,19.79 Marla,19.79,5387.83,For Sale,1,2022-07-15,2022,7,15,City Housing Marketing,Ayesha Butt
52,1012,https://www.zameen.com/Property/faisalabad_eden_valley_52.html,Upper Portion,10114000.0,8M - 20M,"Eden Valley, Faisalabad",Faisalabad,Punjab,Eden Valley,31.420888,73.173861,6,24.15 Marla,24.15,6574.84,For Sale,6,2020-10-26,2020,10,26,Zameen Estate Hub,Bilal Sheikh
53,1013,https://www.zameen.com/Property/karachi_clifton_53.html,Flat,4460000.0,3M - 8M,"Clifton, Karachi",Karachi,Sindh,Clifton,24.817097,66.949811,4,10.45 Marla,10.45,2845.01,For Sale,5,2019-02-16,2019,2,16,Skyline Properties,Ayesha Butt
54,1014,https://www.zameen.com/Property/lahore_model_town_54.html,Room,1420000.0,Under 3M,"Model Town, Lahore",Lahore,Punjab,Model Town,31.580035,74.37055,1,3.28 Marla,3.28,892.98,For Sale,1,2019-06-02,2019,6,2,City Housing Marketing,Zainab Malik
55,1015,https://www.zameen.com/Property/rawalpindi_askari_14_55.html,Lower Portion,2230000.0,Under 3M,"Askari 14, Rawalpindi",Rawalpindi,Punjab,Askari 14,33.585811,72.945477,4,2.85 Marla,2.85,775.91,For Sale,4,2022-06-30,2022,6,30,Metro Homes Realty,Bilal Aslam
56,1016,https://www.zameen.com/Property/karachi_north_nazimabad_56.html,Upper Portion,4681000.0,3M - 8M,"North Nazimabad, Karachi",Karachi,Sindh,North Nazimabad,24.852782,66.991935,3,7.39 Marla,7.39,2011.93,For Sale,4,2024-12-08,2024,12,8,Zameen Estate Hub,Imran Iqbal
57,1017,https://www.zameen.com/Property/faisalabad_madina_town_57.html,Upper Portion,2657000.0,Under 3M,"Madina Town, Faisalabad",Faisalabad,Punjab,Madina Town,31.476069,73.080129,6,3.07 Marla,3.07,835.81,For Sale,6,2020-05-01,2020,5,1,City Housing Marketing,Ayesha Butt
58,1018,https://www.zameen.com/Property/karachi_north_nazimabad_58.html,House,6419000.0,3M - 8M,"North Nazimabad, Karachi",Karachi,Sindh,North Nazimabad,24.792089,66.958448,5,14.85 Marla,14.85,4042.91,For Sale,5,2020-08-06,2020,8,6,Aiwan-e-Property,Usman Farooq
59,1019,https://www.zameen.com/Property/islamabad_gulberg_greens_59.html,Room,3060000.0,3M - 8M,"Gulberg Greens, Islamabad",Islamabad,Islamabad Capital Territory,Gulberg Greens,33.613942,73.094721,1,7.88 Marla,7.88,2145.33,For Sale,1,2019-09-03,2019,9,3,Aiwan-e-Property,Sara Malik
60,1020,https://www.zameen.com/Property/faisalabad_eden_valley_60.html,Upper Portion,17890000.0,8M - 20M,"Eden Valley, Faisalabad",Faisalabad,Punjab,Eden Valley,31.383271,73.061378,6,20.75 Marla,20.75,5649.19,For Sale,6,2023-08-12,2023,8,12,Prime Estate Consultants,Zainab Farooq
61,1021,https://www.zameen.com/Property/rawalpindi_satellite_town_61.html,Room,3745000.0,3M - 8M,"Satellite Town, Rawalpindi",Rawalpindi,Punjab,Satellite Town,33.5773,73.058997,1,4.73 Marla,4.73,1287.74,For Sale,1,2024-06-14,2024,6,14,Prime Estate Consultants,Ahmed Butt
62,1022,https://www.zameen.com/Property/karachi_bahria_town_karachi_62.html,Room,4939000.0,3M - 8M,"Bahria Town Karachi, Karachi",Karachi,Sindh,Bahria Town Karachi,24.846036,66.972469,1,9.36 Marla,9.36,2548.26,For Sale,1,2023-07-08,2023,7,8,Graana Real Estate,Zainab Raza
63,1023,https://www.zameen.com/Property/lahore_wapda_town_63.html,Flat,5060000.0,3M - 8M,"Wapda Town, Lahore",Lahore,Punjab,Wapda Town,31.458947,74.402308,3,19.15 Marla,19.15,5213.59,For Sale,4,2018-12-27,2018,12,27,Aiwan-e-Property,Usman Raza
64,1024,https://www.zameen.com/Property/faisalabad_wapda_city_64.html,Farm House,508000.0,Rental,"Wapda City, Faisalabad",Faisalabad,Punjab,Wapda City,31.402969,73.142875,1,19.65 Marla,19.65,5349.71,For Rent,2,2023-08-04,2023,8,4,City Housing Marketing,Zainab Khan
65,1025,https://www.zameen.com/Property/islamabad_f-10_65.html,Farm House,2324000.0,Under 3M,"F-10, Islamabad",Islamabad,Islamabad Capital Territory,F-10,33.669679,73.003852,5,3.28 Marla,3.28,892.98,For Sale,5,2021-06-26,2021,6,26,Prime Estate Consultants,Ahmed Javed
66,1026,https://www.zameen.com/Property/lahore_johar_town_66.html,House,4031000.0,3M - 8M,"Johar Town, Lahore",Lahore,Punjab,Johar Town,31.479397,74.366902,6,7.0 Marla,7.0,1905.75,For Sale,6,2021-01-24,2021,1,24,Metro Homes Realty,Zainab Farooq
67,1027,https://www.zameen.com/Property/rawalpindi_dha_phase_2_rawalpindi_67.html,Room,5632000.0,3M - 8M,"DHA Phase 2 Rawalpindi, Rawalpindi",Rawalpindi,Punjab,DHA Phase 2 Rawalpindi,33.616388,72.982154,1,7.51 Marla,7.51,2044.6,For Sale,1,2022-08-27,2022,8,27,Aiwan-e-Property,Imran Butt
68,1028,https://www.zameen.com/Property/islamabad_pwd_housing_scheme_68.html,Room,668600.0,Rental,"PWD Housing Scheme, Islamabad",Islamabad,Islamabad Capital Territory,PWD Housing Scheme,33.664754,73.117156,1,21.46 Marla,21.46,5842.49,For Rent,1,2021-11-14,2021,11,14,Aiwan-e-Property,Imran Javed
69,1029,https://www.zameen.com/Property/karachi_malir_69.html,Flat,3856000.0,3M - 8M,"Malir, Karachi",Karachi,Sindh,Malir,24.938846,67.047883,4,8.57 Marla,8.57,2333.18,For Sale,4,2023-04-22,2023,4,22,City Housing Marketing,Fatima Iqbal
70,1030,https://www.zameen.com/Property/karachi_bahria_town_karachi_70.html,House,7568000.0,3M - 8M,"Bahria Town Karachi, Karachi",Karachi,Sindh,Bahria Town Karachi,24.920049,67.076293,4,12.89 Marla,12.89,3509.3,For Sale,4,2023-02-15,2023,2,15,Graana Real Estate,Sara Iqbal
71,1031,https://www.zameen.com/Property/lahore_johar_town_71.html,Penthouse,214100.0,Rental,"Johar Town, Lahore",Lahore,Punjab,Johar Town,31.593062,74.378988,3,12.3 Marla,12.3,3348.68,For Rent,4,2021-09-07,2021,9,7,Skyline Properties,Imran Iqbal
72,1032,https://www.zameen.com/Property/rawalpindi_bahria_town_rawalpindi_72.html,Room,3293000.0,3M - 8M,"Bahria Town Rawalpindi, Rawalpindi",Rawalpindi,Punjab,Bahria Town Rawalpindi,33.511718,72.984815,1,10.99 Marla,10.99,2992.03,For Sale,1,2019-02-08,2019,2,8,Skyline Properties,Bilal Farooq
73,1033,https://www.zameen.com/Property/lahore_dha_phase_5_73.html,Upper Portion,217000.0,Rental,"DHA Phase 5, Lahore",Lahore,Punjab,DHA Phase 5,31.468411,74.376219,4,9.72 Marla,9.72,2646.27,For Rent,4,2022-08-15,2022,8,15,Prime Estate Consultants,Sara Chaudhry
74,1034,https://www.zameen.com/Property/rawalpindi_dha_phase_2_rawalpindi_74.html,Lower Portion,190900.0,Rental,"DHA Phase 2 Rawalpindi, Rawalpindi",Rawalpindi,Punjab,DHA Phase 2 Rawalpindi,33.593518,72.962176,6,6.63 Marla,6.63,1805.02,For Rent,6,2018-02-08,2018,2,8,Skyline Properties,Zainab Butt
75,1035,https://www.zameen.com/Property/rawalpindi_satellite_town_75.html,Room,12423000.0,8M - 20M,"Satellite Town, Rawalpindi",Rawalpindi,Punjab,Satellite Town,33.523053,73.028408,1,15.57 Marla,15.57,4238.93,For Sale,1,2020-03-26,2020,3,26,Metro Homes Realty,Zainab Malik
76,1036,https://www.zameen.com/Property/faisalabad_jaranwala_road_76.html,Farm House,10793000.0,8M - 20M,"Jaranwala Road, Faisalabad",Faisalabad,Punjab,Jaranwala Road,31.494519,73.091819,4,14.32 Marla,14.32,3898.62,For Sale,5,2018-07-20,2018,7,20,Prime Estate Consultants,Zainab Butt
77,1037,https://www.zameen.com/Property/islamabad_bahria_town_islamabad_77.html,Farm House,7142000.0,3M - 8M,"Bahria Town Islamabad, Islamabad",Islamabad,Islamabad Capital Territory,Bahria Town Islamabad,33.653829,73.038432,5,10.36 Marla,10.36,2820.51,For Sale,6,2019-07-15,2019,7,15,City Housing Marketing,Bilal Khan
78,1038,https://www.zameen.com/Property/faisalabad_jaranwala_road_78.html,Farm House,3595000.0,3M - 8M,"Jaranwala Road, Faisalabad",Faisalabad,Punjab,Jaranwala Road,31.516558,73.187876,4,9.65 Marla,9.65,2627.21,For Sale,4,2024-01-19,2024,1,19,Aiwan-e-Property,Imran Javed
79,1039,https://www.zameen.com/Property/islamabad_f-10_79.html,Penthouse,4238000.0,3M - 8M,"F-10, Islamabad",Islamabad,Islamabad Capital Territory,F-10,33.662924,73.094409,4,12.73 Marla,12.73,3465.74,For Sale,4,2020-07-13,2020,7,13,Skyline Properties,Fatima Javed
80,1000,https://www.zameen.com/Property/lahore_bahria_town_80.html,Room,5126000.0,3M - 8M,"Bahria Town, Lahore",Lahore,Punjab,Bahria Town,31.548374,74.354136,1,12.41 Marla,12.41,3378.62,For Sale,1,2022-04-10,2022,4,10,Skyline Properties,Hassan Malik
81,1001,https://www.zameen.com/Property/faisalabad_eden_valley_81.html,Upper Portion,348400.0,Rental,"Eden Valley, Faisalabad",Faisalabad,Punjab,Eden Valley,31.392764,73.206402,6,8.24 Marla,8.24,2243.34,For Rent,6,2021-05-22,2021,5,22,City Housing Marketing,Fatima Malik
82,1002,https://www.zameen.com/Property/islamabad_f-10_82.html,House,15821000.0,8M - 20M,"F-10, Islamabad",Islamabad,Islamabad Capital Territory,F-10,33.746066,73.072688,4,23.18 Marla,23.18,6310.76,For Sale,4,2024-01-22,2024,1,22,Metro Homes Realty,Kashif Chaudhry
83,1003,https://www.zameen.com/Property/rawalpindi_askari_14_83.html,Upper Portion,9108000.0,8M - 20M,"Askari 14, Rawalpindi",Rawalpindi,Punjab,Askari 14,33.629371,73.040072,4,11.32 Marla,11.32,3081.87,For Sale,4,2019-02-11,2019,2,11,City Housing Marketing,Hassan Javed
84,1004,https://www.zameen.com/Property/lahore_johar_town_84.html,Upper Portion,3692000.0,3M - 8M,"Johar Town, Lahore",Lahore,Punjab,Johar Town,31.479371,74.298848,4,5.45 Marla,5.45,1483.76,For Sale,4,2024-09-11,2024,9,11,Graana Real Estate,Ahmed Raza
85,1005,https://www.zameen.com/Property/faisalabad_susan_road_85.html,House,585100.0,Rental,"Susan Road, Faisalabad",Faisalabad,Punjab,Susan Road,31.414764,73.212445,2,23.54 Marla,23.54,6408.76,For Rent,2,2019-08-28,2019,8,28,Skyline Properties,Kashif Khan
86,1006,https://www.zameen.com/Property/karachi_north_nazimabad_86.html,Upper Portion,79700.0,Rental,"North Nazimabad, Karachi",Karachi,Sindh,North Nazimabad,24.808579,66.929484,1,5.16 Marla,5.16,1404.81,For Rent,1,2020-09-01,2020,9,1,Prime Estate Consultants,Hassan Khan
87,1007,https://www.zameen.com/Property/rawalpindi_bahria_town_rawalpindi_87.html,Farm House,6586000.0,3M - 8M,"Bahria Town Rawalpindi, Rawalpindi",Rawalpindi,Punjab,Bahria Town Rawalpindi,33.601459,73.0823,4,21.11 Marla,21.11,5747.2,For Sale,5,2023-08-26,2023,8,26,Zameen Estate Hub,Kashif Khan
88,1008,https://www.zameen.com/Property/faisalabad_jaranwala_road_88.html,Lower Portion,1428000.0,Under 3M,"Jaranwala Road, Faisalabad",Faisalabad,Punjab,Jaranwala Road,31.514283,73.106538,4,2.74 Marla,2.74,745.97,For Sale,4,2019-03-19,2019,3,19,Metro Homes Realty,Zainab Malik
89,1009,https://www.zameen.com/Property/karachi_dha_phase_8_89.html,Flat,15380000.0,8M - 20M,"DHA Phase 8, Karachi",Karachi,Sindh,DHA Phase 8,24.796569,67.033385,3,26.06 Marla,26.06,7094.84,For Sale,4,2023-02-02,2023,2,2,Prime Estate Consultants,Kashif Iqbal
90,1010,https://www.zameen.com/Property/faisalabad_susan_road_90.html,Lower Portion,4044000.0,3M - 8M,"Susan Road, Faisalabad",Faisalabad,Punjab,Susan Road,31.476817,73.114888,4,7.86 Marla,7.86,2139.89,For Sale,4,2019-01-25,2019,1,25,Aiwan-e-Property,Fatima Raza
91,1011,https://www.zameen.com/Property/karachi_malir_91.html,Lower Portion,3340000.0,3M - 8M,"Malir, Karachi",Karachi,Sindh,Malir,24.93376,67.010969,1,4.59 Marla,4.59,1249.63,For Sale,1,2019-06-17,2019,6,17,Prime Estate Consultants,Ahmed Aslam
92,1012,https://www.zameen.com/Property/lahore_johar_town_92.html,Upper Portion,709200.0,Rental,"Johar Town, Lahore",Lahore,Punjab,Johar Town,31.532867,74.312738,6,16.1 Marla,16.1,4383.23,For Rent,6,2024-09-25,2024,9,25,Aiwan-e-Property,Hassan Malik
93,1013,https://www.zameen.com/Property/rawalpindi_dha_phase_2_rawalpindi_93.html,Penthouse,9475000.0,8M - 20M,"DHA Phase 2 Rawalpindi, Rawalpindi",Rawalpindi,Punjab,DHA Phase 2 Rawalpindi,33.583272,73.039732,2,24.34 Marla,24.34,6626.56,For Sale,3,2022-10-24,2022,10,24,Skyline Properties,Imran Aslam
94,1014,https://www.zameen.com/Property/lahore_gulberg_94.html,Farm House,343100.0,Rental,"Gulberg, Lahore",Lahore,Punjab,Gulberg,31.579578,74.369311,2,9.06 Marla,9.06,2466.59,For Rent,3,2021-10-23,2021,10,23,Aiwan-e-Property,Ahmed Chaudhry
95,1015,https://www.zameen.com/Property/rawalpindi_bahria_town_rawalpindi_95.html,Flat,1348000.0,Under 3M,"Bahria Town Rawalpindi, Rawalpindi",Rawalpindi,Punjab,Bahria Town Rawalpindi,33.534962,72.988801,5,2.76 Marla,2.76,751.41,For Sale,5,2023-02-02,2023,2,2,Aiwan-e-Property,Sara Raza
96,1016,https://www.zameen.com/Property/faisalabad_eden_valley_96.html,House,229600.0,Rental,"Eden Valley, Faisalabad",Faisalabad,Punjab,Eden Valley,31.467532,73.121269,5,6.52 Marla,6.52,1775.07,For Rent,5,2021-01-19,2021,1,19,Metro Homes Realty,Fatima Farooq
97,1017,https://www.zameen.com/Property/karachi_north_nazimabad_97.html,House,2682000.0,Under 3M,"North Nazimabad, Karachi",Karachi,Sindh,North Nazimabad,24.938211,66.929865,5,4.78 Marla,4.78,1301.36,For Sale,6,2021-06-17,2021,6,17,Graana Real Estate,Ayesha Iqbal
98,1018,https://www.zameen.com/Property/karachi_gulshan-e-iqbal_98.html,Flat,286600.0,Rental,"Gulshan-e-Iqbal, Karachi",Karachi,Sindh,Gulshan-e-Iqbal,24.865913,66.957918,1,9.58 Marla,9.58,2608.16,For Rent,1,2022-10-30,2022,10,30,Zameen Estate Hub,Sara Iqbal
99,1019,https://www.zameen.com/Property/faisalabad_jaranwala_road_99.html,House,2395000.0,Under 3M,"Jaranwala Road, Faisalabad",Faisalabad,Punjab,Jaranwala Road,31.48392,73.121831,4,2.96 Marla,2.96,805.86,For Sale,4,2024-06-16,2024,6,16,Metro Homes Realty,Kashif Iqbal
100,1020,https://www.zameen.com/Property/lahore_johar_town_100.html,House,296500.0,Rental,"Johar Town, Lahore",Lahore,Punjab,Johar Town,31.479331,74.372919,5,7.42 Marla,7.42,2020.1,For Rent,5,2022-01-22,2022,1,22,Graana Real Estate,Fatima Malik
101,1021,https://www.zameen.com/Property/faisalabad_wapda_city_101.html,Lower Portion,343500.0,Rental,"Wapda City, Faisalabad",Faisalabad,Punjab,Wapda City,31.515348,73.1109,2,11.33 Marla,11.33,3084.59,For Rent,2,2019-04-13,2019,4,13,Prime Estate Consultants,Imran Sheikh
102,1022,https://www.zameen.com/Property/karachi_clifton_102.html,House,2167000.0,Under 3M,"Clifton, Karachi",Karachi,Sindh,Clifton,24.852525,67.068965,1,7.48 Marla,7.48,2036.43,For Sale,2,2023-07-17,2023,7,17,Metro Homes Realty,Kashif Aslam
103,1023,https://www.zameen.com/Property/faisalabad_eden_valley_103.html,Upper Portion,315500.0,Rental,"Eden Valley, Faisalabad",Faisalabad,Punjab,Eden Valley,31.379388,73.136174,1,11.16 Marla,11.16,3038.31,For Rent,1,2021-05-25,2021,5,25,Skyline Properties,Usman Aslam
104,1024,https://www.zameen.com/Property/islamabad_f-10_104.html,Lower Portion,10373000.0,8M - 20M,"F-10, Islamabad",Islamabad,Islamabad Capital Territory,F-10,33.665917,73.060753,1,12.8 Marla,12.8,3484.8,For Sale,1,2019-01-05,2019,1,5,Prime Estate Consultants,Kashif Javed
105,1025,https://www.zameen.com/Property/lahore_johar_town_105.html,Penthouse,2618000.0,Under 3M,"Johar Town, Lahore",Lahore,Punjab,Johar Town,31.597582,74.292193,3,7.71 Marla,7.71,2099.05,For Sale,4,2018-09-11,2018,9,11,Metro Homes Realty,Bilal Raza
106,1026,https://www.zameen.com/Property/karachi_dha_phase_8_106.html,Flat,9651000.0,8M - 20M,"DHA Phase 8, Karachi",Karachi,Sindh,DHA Phase 8,24.889324,66.929478,5,20.1 Marla,20.1,5472.23,For Sale,5,2021-03-04,2021,3,4,Metro Homes Realty,Fatima Raza
107,1027,https://www.zameen.com/Property/islamabad_dha_islamabad_107.html,Upper Portion,12578000.0,8M - 20M,"DHA Islamabad, Islamabad",Islamabad,Islamabad Capital Territory,DHA Islamabad,33.61744,73.074078,5,14.35 Marla,14.35,3906.79,For Sale,6,2024-10-04,2024,10,4,Skyline Properties,Sara Raza
108,1028,https://www.zameen.com/Property/islamabad_g-13_108.html,Farm House,6172000.0,3M - 8M,"G-13, Islamabad",Islamabad,Islamabad Capital Territory,G-13,33.711619,73.100533,6,13.89 Marla,13.89,3781.55,For Sale,6,2022-03-23,2022,3,23,City Housing Marketing,Hassan Chaudhry
109,1029,https://www.zameen.com/Property/faisalabad_wapda_city_109.html,Farm House,8727000.0,8M - 20M,"Wapda City, Faisalabad",Faisalabad,Punjab,Wapda City,31.406647,73.07701,3,24.31 Marla,24.31,6618.4,For Sale,3,2020-05-27,2020,5,27,Aiwan-e-Property,Zainab Sheikh
110,1030,https://www.zameen.com/Property/lahore_bahria_town_110.html,Penthouse,425100.0,Rental,"Bahria Town, Lahore",Lahore,Punjab,Bahria Town,31.535959,74.30338,5,26.35 Marla,26.35,7173.79,For Rent,6,2021-10-11,2021,10,11,Skyline Properties,Kashif Chaudhry
111,1031,https://www.zameen.com/Property/karachi_malir_111.html,Penthouse,3512000.0,3M - 8M,"Malir, Karachi",Karachi,Sindh,Malir,24.901083,67.046508,1,7.31 Marla,7.31,1990.15,For Sale,1,2020-08-30,2020,8,30,Metro Homes Realty,Kashif Butt
112,1032,https://www.zameen.com/Property/karachi_north_nazimabad_112.html,Flat,14868000.0,8M - 20M,"North Nazimabad, Karachi",Karachi,Sindh,North Nazimabad,24.9052,67.001565,2,21.62 Marla,21.62,5886.05,For Sale,2,2024-05-25,2024,5,25,Metro Homes Realty,Zainab Butt
113,1033,https://www.zameen.com/Property/rawalpindi_dha_phase_2_rawalpindi_113.html,Penthouse,4190000.0,3M - 8M,"DHA Phase 2 Rawalpindi, Rawalpindi",Rawalpindi,Punjab,DHA Phase 2 Rawalpindi,33.621287,72.98251,1,7.52 Marla,7.52,2047.32,For Sale,1,2022-03-01,2022,3,1,Prime Estate Consultants,Bilal Javed
114,1034,https://www.zameen.com/Property/karachi_gulshan-e-iqbal_114.html,Lower Portion,294700.0,Rental,"Gulshan-e-Iqbal, Karachi",Karachi,Sindh,Gulshan-e-Iqbal,24.844133,66.980934,1,7.46 Marla,7.46,2030.98,For Rent,1,2021-12-02,2021,12,2,Graana Real Estate,Fatima Khan
115,1035,https://www.zameen.com/Property/rawalpindi_bahria_town_rawalpindi_115.html,Upper Portion,6011000.0,3M - 8M,"Bahria Town Rawalpindi, Rawalpindi",Rawalpindi,Punjab,Bahria Town Rawalpindi,33.631883,73.012493,5,13.03 Marla,13.03,3547.42,For Sale,6,2019-08-22,2019,8,22,Zameen Estate Hub,Ahmed Butt
116,1036,https://www.zameen.com/Property/karachi_malir_116.html,Lower Portion,1239000.0,Under 3M,"Malir, Karachi",Karachi,Sindh,Malir,24.848421,67.045288,1,3.24 Marla,3.24,882.09,For Sale,1,2019-09-05,2019,9,5,Prime Estate Consultants,Kashif Javed
117,1037,https://www.zameen.com/Property/karachi_gulshan-e-iqbal_117.html,House,4340000.0,3M - 8M,"Gulshan-e-Iqbal, Karachi",Karachi,Sindh,Gulshan-e-Iqbal,24.881813,67.013108,5,15.42 Marla,15.42,4198.1,For Sale,5,2023-08-10,2023,8,10,Prime Estate Consultants,Imran Khan
118,1038,https://www.zameen.com/Property/karachi_gulshan-e-iqbal_118.html,Lower Portion,7721000.0,3M - 8M,"Gulshan-e-Iqbal, Karachi",Karachi,Sindh,Gulshan-e-Iqbal,24.933245,67.008153,4,11.38 Marla,11.38,3098.21,For Sale,4,2018-12-17,2018,12,17,Prime Estate Consultants,Hassan Malik
119,1039,https://www.zameen.com/Property/faisalabad_eden_valley_119.html,House,7403000.0,3M - 8M,"Eden Valley, Faisalabad",Faisalabad,Punjab,Eden Valley,31.40898,73.160137,4,18.17 Marla,18.17,4946.78,For Sale,4,2018-03-08,2018,3,8,Aiwan-e-Property,Bilal Raza
120,1000,https://www.zameen.com/Property/lahore_wapda_town_120.html,Room,6676000.0,3M - 8M,"Wapda Town, Lahore",Lahore,Punjab,Wapda Town,31.541478,74.40854,1,11.12 Marla,11.12,3027.42,For Sale,1,2019-12-19,2019,12,19,Skyline Properties,Zainab Farooq
121,1001,https://www.zameen.com/Property/lahore_model_town_121.html,Penthouse,119700.0,Rental,"Model Town, Lahore",Lahore,Punjab,Model Town,31.59866,74.365585,1,2.88 Marla,2.88,784.08,For Rent,1,2021-07-16,2021,7,16,Aiwan-e-Property,Imran Iqbal
122,1002,https://www.zameen.com/Property/islamabad_dha_islamabad_122.html,Penthouse,4458000.0,3M - 8M,"DHA Islamabad, Islamabad",Islamabad,Islamabad Capital Territory,DHA Islamabad,33.746718,73.086829,1,9.71 Marla,9.71,2643.55,For Sale,1,2019-05-25,2019,5,25,Skyline Properties,Hassan Iqbal
123,1003,https://www.zameen.com/Property/rawalpindi_satellite_town_123.html,Flat,14968000.0,8M - 20M,"Satellite Town, Rawalpindi",Rawalpindi,Punjab,Satellite Town,33.644316,72.965773,5,19.47 Marla,19.47,5300.71,For Sale,5,2022-10-05,2022,10,5,Graana Real Estate,Fatima Aslam
124,1004,https://www.zameen.com/Property/islamabad_g-13_124.html,House,5009000.0,3M - 8M,"G-13, Islamabad",Islamabad,Islamabad Capital Territory,G-13,33.72069,73.113757,4,9.61 Marla,9.61,2616.32,For Sale,5,2022-12-24,2022,12,24,Aiwan-e-Property,Zainab Khan
125,1005,https://www.zameen.com/Property/faisalabad_madina_town_125.html,Upper Portion,1319000.0,Under 3M,"Madina Town, Faisalabad",Faisalabad,Punjab,Madina Town,31.478894,73.125108,6,2.75 Marla,2.75,748.69,For Sale,6,2019-10-18,2019,10,18,Graana Real Estate,Sara Aslam
126,1006,https://www.zameen.com/Property/karachi_dha_phase_8_126.html,Flat,386900.0,Rental,"DHA Phase 8, Karachi",Karachi,Sindh,DHA Phase 8,24.902794,67.012927,5,11.67 Marla,11.67,3177.16,For Rent,5,2023-01-17,2023,1,17,Aiwan-e-Property,Hassan Farooq
127,1007,https://www.zameen.com/Property/faisalabad_jaranwala_road_127.html,Lower Portion,6893000.0,3M - 8M,"Jaranwala Road, Faisalabad",Faisalabad,Punjab,Jaranwala Road,31.389242,73.178994,1,9.5 Marla,9.5,2586.38,For Sale,1,2023-08-07,2023,8,7,Prime Estate Consultants,Fatima Javed
128,1008,https://www.zameen.com/Property/rawalpindi_dha_phase_2_rawalpindi_128.html,Room,15094000.0,8M - 20M,"DHA Phase 2 Rawalpindi, Rawalpindi",Rawalpindi,Punjab,DHA Phase 2 Rawalpindi,33.614782,73.09171,1,18.8 Marla,18.8,5118.3,For Sale,1,2023-01-26,2023,1,26,Zameen Estate Hub,Zainab Malik
129,1009,https://www.zameen.com/Property/islamabad_gulberg_greens_129.html,Upper Portion,17894000.0,8M - 20M,"Gulberg Greens, Islamabad",Islamabad,Islamabad Capital Territory,Gulberg Greens,33.640279,73.125521,3,25.21 Marla,25.21,6863.42,For Sale,3,2019-12-15,2019,12,15,Skyline Properties,Hassan Javed
130,1010,https://www.zameen.com/Property/karachi_clifton_130.html,Penthouse,9345000.0,8M - 20M,"Clifton, Karachi",Karachi,Sindh,Clifton,24.79122,66.984806,3,12.13 Marla,12.13,3302.39,For Sale,3,2024-03-09,2024,3,9,Zameen Estate Hub,Kashif Malik
131,1011,https://www.zameen.com/Property/rawalpindi_askari_14_131.html,Penthouse,1338000.0,Under 3M,"Askari 14, Rawalpindi",Rawalpindi,Punjab,Askari 14,33.505634,73.069549,2,4.63 Marla,4.63,1260.52,For Sale,3,2023-03-24,2023,3,24,City Housing Marketing,Imran Raza
132,1012,https://www.zameen.com/Property/faisalabad_eden_valley_132.html,Flat,211100.0,Rental,"Eden Valley, Faisalabad",Faisalabad,Punjab,Eden Valley,31.519958,73.091075,1,6.91 Marla,6.91,1881.25,For Rent,1,2021-05-30,2021,5,30,Zameen Estate Hub,Sara Raza
133,1013,https://www.zameen.com/Property/faisalabad_jaranwala_road_133.html,Penthouse,2652000.0,Under 3M,"Jaranwala Road, Faisalabad",Faisalabad,Punjab,Jaranwala Road,31.450812,73.081982,5,8.22 Marla,8.22,2237.89,For Sale,5,2021-05-25,2021,5,25,Prime Estate Consultants,Imran Malik
134,1014,https://www.zameen.com/Property/faisalabad_susan_road_134.html,Flat,10059000.0,8M - 20M,"Susan Road, Faisalabad",Faisalabad,Punjab,Susan Road,31.412745,73.088729,5,12.82 Marla,12.82,3490.24,For Sale,5,2018-04-27,2018,4,27,Graana Real Estate,Ahmed Aslam
135,1015,https://www.zameen.com/Property/faisalabad_madina_town_135.html,Room,9296000.0,8M - 20M,"Madina Town, Faisalabad",Faisalabad,Punjab,Madina Town,31.417989,73.066676,1,21.56 Marla,21.56,5869.71,For Sale,1,2021-05-22,2021,5,22,Metro Homes Realty,Ayesha Iqbal
136,1016,https://www.zameen.com/Property/lahore_dha_phase_6_136.html,Lower Portion,8399000.0,8M - 20M,"DHA Phase 6, Lahore",Lahore,Punjab,DHA Phase 6,31.461323,74.337986,5,18.82 Marla,18.82,5123.74,For Sale,5,2021-07-31,2021,7,31,City Housing Marketing,Hassan Iqbal
137,1017,https://www.zameen.com/Property/faisalabad_wapda_city_137.html,Upper Portion,1450000.0,Under 3M,"Wapda City, Faisalabad",Faisalabad,Punjab,Wapda City,31.410123,73.193449,2,4.77 Marla,4.77,1298.63,For Sale,2,2021-04-03,2021,4,3,Metro Homes Realty,Kashif Iqbal
138,1018,https://www.zameen.com/Property/karachi_gulshan-e-iqbal_138.html,Room,7556000.0,3M - 8M,"Gulshan-e-Iqbal, Karachi",Karachi,Sindh,Gulshan-e-Iqbal,24.784408,67.072337,1,8.42 Marla,8.42,2292.34,For Sale,1,2023-03-28,2023,3,28,Metro Homes Realty,Usman Farooq
139,1019,https://www.zameen.com/Property/faisalabad_madina_town_139.html,Flat,6927000.0,3M - 8M,"Madina Town, Faisalabad",Faisalabad,Punjab,Madina Town,31.505948,73.123948,3,10.92 Marla,10.92,2972.97,For Sale,3,2023-04-12,2023,4,12,Aiwan-e-Property,Imran Khan
140,1020,https://www.zameen.com/Property/islamabad_gulberg_greens_140.html,Upper Portion,347500.0,Rental,"Gulberg Greens, Islamabad",Islamabad,Islamabad Capital Territory,Gulberg Greens,33.666216,73.039957,1,10.91 Marla,10.91,2970.25,For Rent,1,2022-01-24,2022,1,24,Prime Estate Consultants,Usman Malik
141,1021,https://www.zameen.com/Property/faisalabad_jaranwala_road_141.html,Penthouse,121300.0,Rental,"Jaranwala Road, Faisalabad",Faisalabad,Punjab,Jaranwala Road,31.402249,73.13646,1,4.63 Marla,4.63,1260.52,For Rent,1,2021-10-20,2021,10,20,Prime Estate Consultants,Hassan Chaudhry
142,1022,https://www.zameen.com/Property/faisalabad_wapda_city_142.html,House,4307000.0,3M - 8M,"Wapda City, Faisalabad",Faisalabad,Punjab,Wapda City,31.421365,73.117873,5,12.73 Marla,12.73,3465.74,For Sale,5,2023-10-13,2023,10,13,Zameen Estate Hub,Hassan Aslam
143,1023,https://www.zameen.com/Property/faisalabad_jaranwala_road_143.html,Room,15386000.0,8M - 20M,"Jaranwala Road, Faisalabad",Faisalabad,Punjab,Jaranwala Road,31.423398,73.072537,1,25.16 Marla,25.16,6849.81,For Sale,1,2023-04-30,2023,4,30,Skyline Properties,Ahmed Raza
144,1024,https://www.zameen.com/Property/rawalpindi_satellite_town_144.html,Penthouse,117800.0,Rental,"Satellite Town, Rawalpindi",Rawalpindi,Punjab,Satellite Town,33.578464,72.964182,2,3.06 Marla,3.06,833.09,For Rent,3,2024-06-27,2024,6,27,Prime Estate Consultants,Ayesha Khan
145,1025,https://www.zameen.com/Property/faisalabad_madina_town_145.html,Flat,150200.0,Rental,"Madina Town, Faisalabad",Faisalabad,Punjab,Madina Town,31.436474,73.087623,6,7.25 Marla,7.25,1973.81,For Rent,6,2022-12-12,2022,12,12,Aiwan-e-Property,Fatima Chaudhry
146,1026,https://www.zameen.com/Property/faisalabad_eden_valley_146.html,Lower Portion,99300.0,Rental,"Eden Valley, Faisalabad",Faisalabad,Punjab,Eden Valley,31.52347,73.128546,5,3.12 Marla,3.12,849.42,For Rent,5,2023-05-14,2023,5,14,Prime Estate Consultants,Fatima Raza
147,1027,https://www.zameen.com/Property/faisalabad_jaranwala_road_147.html,Room,8910000.0,8M - 20M,"Jaranwala Road, Faisalabad",Faisalabad,Punjab,Jaranwala Road,31.521038,73.212162,1,10.22 Marla,10.22,2782.39,For Sale,1,2021-02-16,2021,2,16,Prime Estate Consultants,Usman Sheikh
148,1028,https://www.zameen.com/Property/islamabad_gulberg_greens_148.html,Flat,16500000.0,8M - 20M,"Gulberg Greens, Islamabad",Islamabad,Islamabad Capital Territory,Gulberg Greens,33.71266,73.028651,2,19.27 Marla,19.27,5246.26,For Sale,3,2021-01-25,2021,1,25,Aiwan-e-Property,Bilal Aslam
149,1029,https://www.zameen.com/Property/rawalpindi_satellite_town_149.html,Penthouse,230500.0,Rental,"Satellite Town, Rawalpindi",Rawalpindi,Punjab,Satellite Town,33.519338,73.069372,6,9.08 Marla,9.08,2472.03,For Rent,6,2022-12-17,2022,12,17,City Housing Marketing,Usman Farooq
150,1030,https://www.zameen.com/Property/islamabad_pwd_housing_scheme_150.html,Farm House,2048000.0,Under 3M,"PWD Housing Scheme, Islamabad",Islamabad,Islamabad Capital Territory,PWD Housing Scheme,33.620432,73.020747,5,5.12 Marla,5.12,1393.92,For Sale,5,2023-12-16,2023,12,16,Zameen Estate Hub,Ayesha Khan
151,1031,https://www.zameen.com/Property/rawalpindi_bahria_town_rawalpindi_151.html,Farm House,113400.0,Rental,"Bahria Town Rawalpindi, Rawalpindi",Rawalpindi,Punjab,Bahria Town Rawalpindi,33.536487,73.040244,2,3.28 Marla,3.28,892.98,For Rent,2,2023-05-03,2023,5,3,Metro Homes Realty,Ayesha Butt
152,1032,https://www.zameen.com/Property/lahore_model_town_152.html,Room,1676000.0,Under 3M,"Model Town, Lahore",Lahore,Punjab,Model Town,31.47021,74.398541,1,3.25 Marla,3.25,884.81,For Sale,1,2019-12-22,2019,12,22,Graana Real Estate,Fatima Farooq
153,1033,https://www.zameen.com/Property/islamabad_dha_islamabad_153.html,House,2931000.0,Under 3M,"DHA Islamabad, Islamabad",Islamabad,Islamabad Capital Territory,DHA Islamabad,33.74057,73.042783,3,5.43 Marla,5.43,1478.32,For Sale,3,2024-02-04,2024,2,4,Prime Estate Consultants,Zainab Chaudhry
154,1034,https://www.zameen.com/Property/karachi_dha_phase_8_154.html,Upper Portion,5133000.0,3M - 8M,"DHA Phase 8, Karachi",Karachi,Sindh,DHA Phase 8,24.888604,66.952006,6,20.59 Marla,20.59,5605.63,For Sale,6,2021-10-12,2021,10,12,Skyline Properties,Usman Aslam
155,1035,https://www.zameen.com/Property/faisalabad_madina_town_155.html,Penthouse,3985000.0,3M - 8M,"Madina Town, Faisalabad",Faisalabad,Punjab,Madina Town,31.371493,73.116372,6,11.01 Marla,11.01,2997.47,For Sale,6,2019-07-30,2019,7,30,Metro Homes Realty,Hassan Sheikh
156,1036,https://www.zameen.com/Property/rawalpindi_satellite_town_156.html,Upper Portion,1132000.0,Under 3M,"Satellite Town, Rawalpindi",Rawalpindi,Punjab,Satellite Town,33.549967,73.017303,2,2.86 Marla,2.86,778.63,For Sale,3,2019-04-30,2019,4,30,Metro Homes Realty,Usman Chaudhry
157,1037,https://www.zameen.com/Property/islamabad_gulberg_greens_157.html,House,8492000.0,8M - 20M,"Gulberg Greens, Islamabad",Islamabad,Islamabad Capital Territory,Gulberg Greens,33.66418,73.080211,2,9.74 Marla,9.74,2651.72,For Sale,2,2023-05-13,2023,5,13,Zameen Estate Hub,Zainab Aslam
158,1038,https://www.zameen.com/Property/rawalpindi_dha_phase_2_rawalpindi_158.html,Penthouse,2408000.0,Under 3M,"DHA Phase 2 Rawalpindi, Rawalpindi",Rawalpindi,Punjab,DHA Phase 2 Rawalpindi,33.629562,72.969245,4,5.03 Marla,5.03,1369.42,For Sale,5,2024-04-29,2024,4,29,Graana Real Estate,Ahmed Javed
159,1039,https://www.zameen.com/Property/faisalabad_susan_road_159.html,Flat,17622000.0,8M - 20M,"Susan Road, Faisalabad",Faisalabad,Punjab,Susan Road,31.499791,73.127549,6,24.71 Marla,24.71,6727.3,For Sale,6,2023-06-26,2023,6,26,Graana Real Estate,Imran Farooq
160,1000,https://www.zameen.com/Property/faisalabad_madina_town_160.html,Lower Portion,6311000.0,3M - 8M,"Madina Town, Faisalabad",Faisalabad,Punjab,Madina Town,31.46293,73.062246,2,24.81 Marla,24.81,6754.52,For Sale,3,2020-11-08,2020,11,8,Skyline Properties,Ahmed Sheikh
161,1001,https://www.zameen.com/Property/islamabad_gulberg_greens_161.html,House,851000.0,Under 3M,"Gulberg Greens, Islamabad",Islamabad,Islamabad Capital Territory,Gulberg Greens,33.664314,73.110513,1,3.26 Marla,3.26,887.53,For Sale,1,2022-08-02,2022,8,2,Zameen Estate Hub,Sara Iqbal
162,1002,https://www.zameen.com/Property/rawalpindi_askari_14_162.html,Lower Portion,8286000.0,8M - 20M,"Askari 14, Rawalpindi",Rawalpindi,Punjab,Askari 14,33.601557,72.97253,3,23.16 Marla,23.16,6305.31,For Sale,3,2024-01-10,2024,1,10,Metro Homes Realty,Imran Chaudhry
163,1003,https://www.zameen.com/Property/lahore_wapda_town_163.html,House,640500.0,Rental,"Wapda Town, Lahore",Lahore,Punjab,Wapda Town,31.465219,74.308857,5,20.69 Marla,20.69,5632.85,For Rent,5,2020-07-29,2020,7,29,Zameen Estate Hub,Zainab Raza
164,1004,https://www.zameen.com/Property/lahore_dha_phase_5_164.html,Penthouse,1795000.0,Under 3M,"DHA Phase 5, Lahore",Lahore,Punjab,DHA Phase 5,31.558887,74.343062,1,2.84 Marla,2.84,773.19,For Sale,1,2023-01-03,2023,1,3,Prime Estate Consultants,Ahmed Sheikh
165,1005,https://www.zameen.com/Property/karachi_north_nazimabad_165.html,Flat,109700.0,Rental,"North Nazimabad, Karachi",Karachi,Sindh,North Nazimabad,24.904306,67.052041,3,2.78 Marla,2.78,756.85,For Rent,3,2024-06-17,2024,6,17,Aiwan-e-Property,Kashif Aslam
166,1006,https://www.zameen.com/Property/karachi_gulshan-e-iqbal_166.html,Flat,397300.0,Rental,"Gulshan-e-Iqbal, Karachi",Karachi,Sindh,Gulshan-e-Iqbal,24.869636,66.928601,3,23.61 Marla,23.61,6427.82,For Rent,3,2024-08-20,2024,8,20,City Housing Marketing,Sara Iqbal
167,1007,https://www.zameen.com/Property/islamabad_gulberg_greens_167.html,Farm House,8154000.0,8M - 20M,"Gulberg Greens, Islamabad",Islamabad,Islamabad Capital Territory,Gulberg Greens,33.642955,73.003955,4,24.09 Marla,24.09,6558.5,For Sale,4,2022-03-22,2022,3,22,Zameen Estate Hub,Imran Farooq
168,1008,https://www.zameen.com/Property/karachi_bahria_town_karachi_168.html,House,6072000.0,3M - 8M,"Bahria Town Karachi, Karachi",Karachi,Sindh,Bahria Town Karachi,24.916241,66.935894,2,15.17 Marla,15.17,4130.03,For Sale,2,2020-04-12,2020,4,12,Aiwan-e-Property,Bilal Farooq
169,1009,https://www.zameen.com/Property/karachi_dha_phase_8_169.html,Upper Portion,2312000.0,Under 3M,"DHA Phase 8, Karachi",Karachi,Sindh,DHA Phase 8,24.919816,66.974374,1,3.22 Marla,3.22,876.65,For Sale,2,2024-04-08,2024,4,8,Zameen Estate Hub,Zainab Sheikh
170,1010,https://www.zameen.com/Property/lahore_dha_phase_6_170.html,Flat,188300.0,Rental,"DHA Phase 6, Lahore",Lahore,Punjab,DHA Phase 6,31.491858,74.323989,4,5.25 Marla,5.25,1429.31,For Rent,4,2020-04-17,2020,4,17,Metro Homes Realty,Ayesha Javed
171,1011,https://www.zameen.com/Property/rawalpindi_satellite_town_171.html,Upper Portion,20717000.0,20M - 50M,"Satellite Town, Rawalpindi",Rawalpindi,Punjab,Satellite Town,33.544413,73.003129,4,26.91 Marla,26.91,7326.25,For Sale,4,2023-04-08,2023,4,8,Skyline Properties,Hassan Sheikh
172,1012,https://www.zameen.com/Property/faisalabad_susan_road_172.html,Farm House,7231000.0,3M - 8M,"Susan Road, Faisalabad",Faisalabad,Punjab,Susan Road,31.407203,73.146166,4,10.11 Marla,10.11,2752.45,For Sale,5,2021-04-24,2021,4,24,Zameen Estate Hub,Ayesha Raza
173,1013,https://www.zameen.com/Property/karachi_bahria_town_karachi_173.html,Room,10026000.0,8M - 20M,"Bahria Town Karachi, Karachi",Karachi,Sindh,Bahria Town Karachi,24.807783,67.03635,1,11.42 Marla,11.42,3109.09,For Sale,1,2023-07-03,2023,7,3,Metro Homes Realty,Sara Raza
174,1014,https://www.zameen.com/Property/rawalpindi_dha_phase_2_rawalpindi_174.html,Room,130500.0,Rental,"DHA Phase 2 Rawalpindi, Rawalpindi",Rawalpindi,Punjab,DHA Phase 2 Rawalpindi,33.507099,73.037812,1,3.01 Marla,3.01,819.47,For Rent,1,2018-07-18,2018,7,18,Skyline Properties,Ahmed Iqbal
175,1015,https://www.zameen.com/Property/lahore_model_town_175.html,Flat,16377000.0,8M - 20M,"Model Town, Lahore",Lahore,Punjab,Model Town,31.441458,74.366963,1,24.78 Marla,24.78,6746.36,For Sale,1,2024-11-30,2024,11,30,Metro Homes Realty,Zainab Khan
176,1016,https://www.zameen.com/Property/lahore_dha_phase_5_176.html,Room,15652000.0,8M - 20M,"DHA Phase 5, Lahore",Lahore,Punjab,DHA Phase 5,31.587288,74.362602,1,27.39 Marla,27.39,7456.93,For Sale,1,2022-10-30,2022,10,30,Skyline Properties,Sara Malik
177,1017,https://www.zameen.com/Property/karachi_clifton_177.html,Room,3342000.0,3M - 8M,"Clifton, Karachi",Karachi,Sindh,Clifton,24.939137,66.957237,1,11.44 Marla,11.44,3114.54,For Sale,1,2022-07-22,2022,7,22,Metro Homes Realty,Kashif Sheikh
178,1018,https://www.zameen.com/Property/lahore_model_town_178.html,Penthouse,1669000.0,Under 3M,"Model Town, Lahore",Lahore,Punjab,Model Town,31.45363,74.413953,4,2.76 Marla,2.76,751.41,For Sale,4,2018-08-18,2018,8,18,City Housing Marketing,Ahmed Chaudhry
179,1019,https://www.zameen.com/Property/islamabad_pwd_housing_scheme_179.html,Penthouse,1139200.0,Rental,"PWD Housing Scheme, Islamabad",Islamabad,Islamabad Capital Territory,PWD Housing Scheme,33.752265,73.077409,2,27.1 Marla,27.1,7377.98,For Rent,2,2024-05-10,2024,5,10,Metro Homes Realty,Usman Khan
180,1020,https://www.zameen.com/Property/islamabad_pwd_housing_scheme_180.html,Room,1903000.0,Under 3M,"PWD Housing Scheme, Islamabad",Islamabad,Islamabad Capital Territory,PWD Housing Scheme,33.75302,73.015784,1,7.6 Marla,7.6,2069.1,For Sale,1,2020-04-28,2020,4,28,Prime Estate Consultants,Sara Iqbal
181,1021,https://www.zameen.com/Property/faisalabad_susan_road_181.html,Room,387500.0,Rental,"Susan Road, Faisalabad",Faisalabad,Punjab,Susan Road,31.489673,73.110338,1,15.53 Marla,15.53,4228.04,For Rent,1,2019-07-28,2019,7,28,Skyline Properties,Bilal Javed
182,1022,https://www.zameen.com/Property/lahore_johar_town_182.html,Flat,329500.0,Rental,"Johar Town, Lahore",Lahore,Punjab,Johar Town,31.518897,74.33563,4,12.25 Marla,12.25,3335.06,For Rent,5,2021-08-29,2021,8,29,Graana Real Estate,Usman Farooq
183,1023,https://www.zameen.com/Property/rawalpindi_askari_14_183.html,Flat,10550000.0,8M - 20M,"Askari 14, Rawalpindi",Rawalpindi,Punjab,Askari 14,33.5459,73.062322,5,13.76 Marla,13.76,3746.16,For Sale,5,2018-10-29,2018,10,29,Graana Real Estate,Usman Chaudhry
184,1024,https://www.zameen.com/Property/karachi_malir_184.html,Lower Portion,2192000.0,Under 3M,"Malir, Karachi",Karachi,Sindh,Malir,24.810683,66.992915,3,4.59 Marla,4.59,1249.63,For Sale,3,2021-01-09,2021,1,9,Graana Real Estate,Sara Malik
185,1025,https://www.zameen.com/Property/faisalabad_eden_valley_185.html,Lower Portion,3078000.0,3M - 8M,"Eden Valley, Faisalabad",Faisalabad,Punjab,Eden Valley,31.417096,73.117048,1,4.85 Marla,4.85,1320.41,For Sale,1,2021-08-21,2021,8,21,Skyline Properties,Fatima Khan
186,1026,https://www.zameen.com/Property/lahore_model_town_186.html,Room,288700.0,Rental,"Model Town, Lahore",Lahore,Punjab,Model Town,31.483345,74.30205,1,8.12 Marla,8.12,2210.67,For Rent,1,2019-11-26,2019,11,26,Zameen Estate Hub,Usman Butt
187,1027,https://www.zameen.com/Property/karachi_bahria_town_karachi_187.html,Upper Portion,18239000.0,8M - 20M,"Bahria Town Karachi, Karachi",Karachi,Sindh,Bahria Town Karachi,24.853958,66.942778,3,21.13 Marla,21.13,5752.64,For Sale,3,2023-07-24,2023,7,24,Prime Estate Consultants,Kashif Sheikh
188,1028,https://www.zameen.com/Property/lahore_johar_town_188.html,Upper Portion,398400.0,Rental,"Johar Town, Lahore",Lahore,Punjab,Johar Town,31.536914,74.389947,3,15.91 Marla,15.91,4331.5,For Rent,3,2024-08-31,2024,8,31,Zameen Estate Hub,Usman Raza
189,1029,https://www.zameen.com/Property/rawalpindi_satellite_town_189.html,Flat,341900.0,Rental,"Satellite Town, Rawalpindi",Rawalpindi,Punjab,Satellite Town,33.545269,73.067539,5,11.5 Marla,11.5,3130.88,For Rent,6,2024-06-16,2024,6,16,Skyline Properties,Ayesha Raza
190,1030,https://www.zameen.com/Property/rawalpindi_satellite_town_190.html,House,288900.0,Rental,"Satellite Town, Rawalpindi",Rawalpindi,Punjab,Satellite Town,33.555253,72.983513,5,8.15 Marla,8.15,2218.84,For Rent,5,2024-03-03,2024,3,3,Graana Real Estate,Zainab Sheikh
191,1031,https://www.zameen.com/Property/lahore_wapda_town_191.html,Penthouse,373800.0,Rental,"Wapda Town, Lahore",Lahore,Punjab,Wapda Town,31.566652,74.290534,1,15.52 Marla,15.52,4225.32,For Rent,2,2020-10-31,2020,10,31,City Housing Marketing,Sara Iqbal
192,1032,https://www.zameen.com/Property/faisalabad_madina_town_192.html,Room,13996000.0,8M - 20M,"Madina Town, Faisalabad",Faisalabad,Punjab,Madina Town,31.465411,73.201304,1,27.12 Marla,27.12,7383.42,For Sale,1,2018-05-31,2018,5,31,Skyline Properties,Hassan Javed
193,1033,https://www.zameen.com/Property/lahore_wapda_town_193.html,Flat,6851000.0,3M - 8M,"Wapda Town, Lahore",Lahore,Punjab,Wapda Town,31.457351,74.294477,5,11.2 Marla,11.2,3049.2,For Sale,5,2022-06-25,2022,6,25,Skyline Properties,Hassan Iqbal
194,1034,https://www.zameen.com/Property/karachi_north_nazimabad_194.html,Farm House,5930000.0,3M - 8M,"North Nazimabad, Karachi",Karachi,Sindh,North Nazimabad,24.835895,66.92503,4,7.91 Marla,7.91,2153.5,For Sale,4,2024-08-07,2024,8,7,City Housing Marketing,Imran Chaudhry
195,1035,https://www.zameen.com/Property/lahore_bahria_town_195.html,Lower Portion,117600.0,Rental,"Bahria Town, Lahore",Lahore,Punjab,Bahria Town,31.517668,74.354886,6,4.62 Marla,4.62,1257.8,For Rent,6,2021-11-06,2021,11,6,Metro Homes Realty,Ayesha Javed
196,1036,https://www.zameen.com/Property/rawalpindi_askari_14_196.html,Upper Portion,2553000.0,Under 3M,"Askari 14, Rawalpindi",Rawalpindi,Punjab,Askari 14,33.567659,73.025206,1,3.19 Marla,3.19,868.48,For Sale,1,2019-03-24,2019,3,24,City Housing Marketing,Sara Sheikh
197,1037,https://www.zameen.com/Property/islamabad_pwd_housing_scheme_197.html,Lower Portion,174600.0,Rental,"PWD Housing Scheme, Islamabad",Islamabad,Islamabad Capital Territory,PWD Housing Scheme,33.745696,73.039832,6,8.48 Marla,8.48,2308.68,For Rent,6,2022-11-06,2022,11,6,Metro Homes Realty,Ahmed Aslam
198,1038,https://www.zameen.com/Property/rawalpindi_askari_14_198.html,House,4751000.0,3M - 8M,"Askari 14, Rawalpindi",Rawalpindi,Punjab,Askari 14,33.516632,72.955133,6,7.65 Marla,7.65,2082.71,For Sale,6,2024-01-09,2024,1,9,Zameen Estate Hub,Hassan Raza
199,1039,https://www.zameen.com/Property/rawalpindi_satellite_town_199.html,Room,7207000.0,3M - 8M,"Satellite Town, Rawalpindi",Rawalpindi,Punjab,Satellite Town,33.632089,73.031327,1,15.26 Marla,15.26,4154.53,For Sale,1,2023-02-19,2023,2,19,Prime Estate Consultants,Sara Butt
200,1000,https://www.zameen.com/Property/karachi_gulshan-e-iqbal_200.html,House,2701000.0,Under 3M,"Gulshan-e-Iqbal, Karachi",Karachi,Sindh,Gulshan-e-Iqbal,24.842094,66.950821,6,4.68 Marla,4.68,1274.13,For Sale,6,2022-09-10,2022,9,10,Prime Estate Consultants,Sara Aslam
201,1001,https://www.zameen.com/Property/faisalabad_susan_road_201.html,Room,7384000.0,3M - 8M,"Susan Road, Faisalabad",Faisalabad,Punjab,Susan Road,31.447937,73.086221,1,9.28 Marla,9.28,2526.48,For Sale,1,2024-12-12,2024,12,12,Graana Real Estate,Hassan Khan
202,1002,https://www.zameen.com/Property/rawalpindi_askari_14_202.html,Lower Portion,5477000.0,3M - 8M,"Askari 14, Rawalpindi",Rawalpindi,Punjab,Askari 14,33.490331,72.972875,4,15.63 Marla,15.63,4255.27,For Sale,4,2024-05-04,2024,5,4,Graana Real Estate,Ayesha Butt
203,1003,https://www.zameen.com/Property/islamabad_bahria_town_islamabad_203.html,Penthouse,6371000.0,3M - 8M,"Bahria Town Islamabad, Islamabad",Islamabad,Islamabad Capital Territory,Bahria Town Islamabad,33.736018,72.974558,1,20.2 Marla,20.2,5499.45,For Sale,1,2024-02-03,2024,2,3,Skyline Properties,Hassan Javed
204,1004,https://www.zameen.com/Property/rawalpindi_dha_phase_2_rawalpindi_204.html,Lower Portion,3175000.0,3M - 8M,"DHA Phase 2 Rawalpindi, Rawalpindi",Rawalpindi,Punjab,DHA Phase 2 Rawalpindi,33.518681,73.054918,1,7.68 Marla,7.68,2090.88,For Sale,1,2018-12-23,2018,12,23,Metro Homes Realty,Bilal Sheikh
205,1005,https://www.zameen.com/Property/islamabad_gulberg_greens_205.html,Room,5563000.0,3M - 8M,"Gulberg Greens, Islamabad",Islamabad,Islamabad Capital Territory,Gulberg Greens,33.649374,73.054103,1,7.16 Marla,7.16,1949.31,For Sale,1,2018-09-01,2018,9,1,Prime Estate Consultants,Hassan Javed
206,1006,https://www.zameen.com/Property/islamabad_gulberg_greens_206.html,Upper Portion,8480000.0,8M - 20M,"Gulberg Greens, Islamabad",Islamabad,Islamabad Capital Territory,Gulberg Greens,33.763198,73.106628,4,10.9 Marla,10.9,2967.53,For Sale,5,2019-07-10,2019,7,10,Skyline Properties,Fatima Khan
207,1007,https://www.zameen.com/Property/karachi_malir_207.html,Penthouse,3644000.0,3M - 8M,"Malir, Karachi",Karachi,Sindh,Malir,24.840728,66.933183,1,7.3 Marla,7.3,1987.42,For Sale,2,2019-08-06,2019,8,6,Prime Estate Consultants,Usman Iqbal
208,1008,https://www.zameen.com/Property/lahore_johar_town_208.html,Room,5422000.0,3M - 8M,"Johar Town, Lahore",Lahore,Punjab,Johar Town,31.541974,74.390266,1,11.89 Marla,11.89,3237.05,For Sale,1,2018-01-11,2018,1,11,Skyline Properties,Bilal Farooq
209,1009,https://www.zameen.com/Property/lahore_wapda_town_209.html,Room,6663000.0,3M - 8M,"Wapda Town, Lahore",Lahore,Punjab,Wapda Town,31.461295,74.415088,1,15.97 Marla,15.97,4347.83,For Sale,1,2021-03-07,2021,3,7,Aiwan-e-Property,Imran Aslam
210,1010,https://www.zameen.com/Property/islamabad_gulberg_greens_210.html,Penthouse,1652000.0,Under 3M,"Gulberg Greens, Islamabad",Islamabad,Islamabad Capital Territory,Gulberg Greens,33.763094,73.036348,4,5.13 Marla,5.13,1396.64,For Sale,4,2019-10-10,2019,10,10,Metro Homes Realty,Zainab Khan
211,1011,https://www.zameen.com/Property/karachi_malir_211.html,Upper Portion,2706000.0,Under 3M,"Malir, Karachi",Karachi,Sindh,Malir,24.896858,67.041937,3,9.19 Marla,9.19,2501.98,For Sale,3,2019-11-09,2019,11,9,Graana Real Estate,Fatima Butt
212,1012,https://www.zameen.com/Property/rawalpindi_bahria_town_rawalpindi_212.html,Farm House,3099000.0,3M - 8M,"Bahria Town Rawalpindi, Rawalpindi",Rawalpindi,Punjab,Bahria Town Rawalpindi,33.615837,73.095005,1,7.96 Marla,7.96,2167.11,For Sale,2,2022-12-28,2022,12,28,Graana Real Estate,Ahmed Raza
213,1013,https://www.zameen.com/Property/rawalpindi_dha_phase_2_rawalpindi_213.html,Lower Portion,6153000.0,3M - 8M,"DHA Phase 2 Rawalpindi, Rawalpindi",Rawalpindi,Punjab,DHA Phase 2 Rawalpindi,33.587752,73.045242,1,13.77 Marla,13.77,3748.88,For Sale,1,2021-05-10,2021,5,10,Zameen Estate Hub,Fatima Chaudhry
214,1014,https://www.zameen.com/Property/lahore_gulberg_214.html,Room,2634000.0,Under 3M,"Gulberg, Lahore",Lahore,Punjab,Gulberg,31.577994,74.29257,1,6.92 Marla,6.92,1883.97,For Sale,1,2019-09-13,2019,9,13,Metro Homes Realty,Kashif Farooq
215,1015,https://www.zameen.com/Property/lahore_dha_phase_6_215.html,Penthouse,11089000.0,8M - 20M,"DHA Phase 6, Lahore",Lahore,Punjab,DHA Phase 6,31.528943,74.374701,4,14.55 Marla,14.55,3961.24,For Sale,4,2020-10-11,2020,10,11,Aiwan-e-Property,Bilal Sheikh
216,1016,https://www.zameen.com/Property/faisalabad_jaranwala_road_216.html,Penthouse,67900.0,Rental,"Jaranwala Road, Faisalabad",Faisalabad,Punjab,Jaranwala Road,31.417687,73.063731,6,3.21 Marla,3.21,873.92,For Rent,6,2024-10-21,2024,10,21,Prime Estate Consultants,Ayesha Iqbal
217,1017,https://www.zameen.com/Property/karachi_bahria_town_karachi_217.html,Lower Portion,16986000.0,8M - 20M,"Bahria Town Karachi, Karachi",Karachi,Sindh,Bahria Town Karachi,24.842594,67.055336,1,20.55 Marla,20.55,5594.74,For Sale,1,2018-02-19,2018,2,19,Aiwan-e-Property,Hassan Chaudhry
218,1018,https://www.zameen.com/Property/rawalpindi_satellite_town_218.html,Room,5477000.0,3M - 8M,"Satellite Town, Rawalpindi",Rawalpindi,Punjab,Satellite Town,33.491472,72.946575,1,21.82 Marla,21.82,5940.49,For Sale,1,2018-10-04,2018,10,4,Graana Real Estate,Usman Sheikh
219,1019,https://www.zameen.com/Property/rawalpindi_satellite_town_219.html,Farm House,9789000.0,8M - 20M,"Satellite Town, Rawalpindi",Rawalpindi,Punjab,Satellite Town,33.498476,72.949543,4,14.77 Marla,14.77,4021.13,For Sale,4,2024-01-12,2024,1,12,Prime Estate Consultants,Sara Butt
220,1020,https://www.zameen.com/Property/karachi_clifton_220.html,Room,3472000.0,3M - 8M,"Clifton, Karachi",Karachi,Sindh,Clifton,24.92864,66.939658,1,4.81 Marla,4.81,1309.52,For Sale,1,2020-09-04,2020,9,4,Graana Real Estate,Ayesha Malik
221,1021,https://www.zameen.com/Property/faisalabad_eden_valley_221.html,House,4548000.0,3M - 8M,"Eden Valley, Faisalabad",Faisalabad,Punjab,Eden Valley,31.453156,73.186601,6,6.47 Marla,6.47,1761.46,For Sale,6,2019-11-03,2019,11,3,Metro Homes Realty,Hassan Javed
222,1022,https://www.zameen.com/Property/islamabad_bahria_town_islamabad_222.html,Upper Portion,4828000.0,3M - 8M,"Bahria Town Islamabad, Islamabad",Islamabad,Islamabad Capital Territory,Bahria Town Islamabad,33.646472,73.123908,1,10.47 Marla,10.47,2850.46,For Sale,1,2022-10-25,2022,10,25,Aiwan-e-Property,Imran Malik
223,1023,https://www.zameen.com/Property/lahore_johar_town_223.html,Lower Portion,1448000.0,Under 3M,"Johar Town, Lahore",Lahore,Punjab,Johar Town,31.548259,74.297153,5,3.0 Marla,3.0,816.75,For Sale,5,2020-11-10,2020,11,10,Skyline Properties,Bilal Aslam
224,1024,https://www.zameen.com/Property/faisalabad_wapda_city_224.html,House,75500.0,Rental,"Wapda City, Faisalabad",Faisalabad,Punjab,Wapda City,31.498898,73.169243,4,2.85 Marla,2.85,775.91,For Rent,4,2019-09-07,2019,9,7,Zameen Estate Hub,Ahmed Javed
225,1025,https://www.zameen.com/Property/rawalpindi_dha_phase_2_rawalpindi_225.html,Upper Portion,5565000.0,3M - 8M,"DHA Phase 2 Rawalpindi, Rawalpindi",Rawalpindi,Punjab,DHA Phase 2 Rawalpindi,33.52081,73.019424,1,11.45 Marla,11.45,3117.26,For Sale,1,2023-08-19,2023,8,19,City Housing Marketing,Ahmed Chaudhry
226,1026,https://www.zameen.com/Property/lahore_johar_town_226.html,House,185600.0,Rental,"Johar Town, Lahore",Lahore,Punjab,Johar Town,31.487055,74.404221,3,10.55 Marla,10.55,2872.24,For Rent,3,2023-02-14,2023,2,14,Graana Real Estate,Hassan Sheikh
227,1027,https://www.zameen.com/Property/faisalabad_susan_road_227.html,Lower Portion,18346000.0,8M - 20M,"Susan Road, Faisalabad",Faisalabad,Punjab,Susan Road,31.374226,73.141647,1,21.99 Marla,21.99,5986.78,For Sale,2,2020-10-01,2020,10,1,Zameen Estate Hub,Ahmed Iqbal
228,1028,https://www.zameen.com/Property/lahore_bahria_town_228.html,House,290800.0,Rental,"Bahria Town, Lahore",Lahore,Punjab,Bahria Town,31.59419,74.434309,6,16.05 Marla,16.05,4369.61,For Rent,6,2023-12-11,2023,12,11,Zameen Estate Hub,Fatima Farooq
229,1029,https://www.zameen.com/Property/karachi_malir_229.html,Upper Portion,6070000.0,3M - 8M,"Malir, Karachi",Karachi,Sindh,Malir,24.795992,66.942462,5,8.64 Marla,8.64,2352.24,For Sale,5,2022-03-06,2022,3,6,Metro Homes Realty,Bilal Aslam
230,1030,https://www.zameen.com/Property/rawalpindi_bahria_town_rawalpindi_230.html,Room,6138000.0,3M - 8M,"Bahria Town Rawalpindi, Rawalpindi",Rawalpindi,Punjab,Bahria Town Rawalpindi,33.597216,73.054556,1,15.49 Marla,15.49,4217.15,For Sale,1,2020-12-05,2020,12,5,Skyline Properties,Hassan Iqbal
231,1031,https://www.zameen.com/Property/islamabad_f-10_231.html,Upper Portion,2542000.0,Under 3M,"F-10, Islamabad",Islamabad,Islamabad Capital Territory,F-10,33.669442,73.053648,5,7.42 Marla,7.42,2020.1,For Sale,5,2019-11-05,2019,11,5,Metro Homes Realty,Zainab Raza
232,1032,https://www.zameen.com/Property/karachi_bahria_town_karachi_232.html,Upper Portion,3605000.0,3M - 8M,"Bahria Town Karachi, Karachi",Karachi,Sindh,Bahria Town Karachi,24.804432,67.034885,6,4.59 Marla,4.59,1249.63,For Sale,6,2024-10-07,2024,10,7,Graana Real Estate,Ayesha Raza
233,1033,https://www.zameen.com/Property/islamabad_f-10_233.html,Room,2480000.0,Under 3M,"F-10, Islamabad",Islamabad,Islamabad Capital Territory,F-10,33.724093,73.007876,1,9.52 Marla,9.52,2591.82,For Sale,1,2022-07-15,2022,7,15,Skyline Properties,Zainab Javed
234,1034,https://www.zameen.com/Property/rawalpindi_bahria_town_rawalpindi_234.html,Penthouse,94500.0,Rental,"Bahria Town Rawalpindi, Rawalpindi",Rawalpindi,Punjab,Bahria Town Rawalpindi,33.578879,73.083689,2,4.51 Marla,4.51,1227.85,For Rent,2,2022-06-29,2022,6,29,Aiwan-e-Property,Bilal Aslam
235,1035,https://www.zameen.com/Property/lahore_dha_phase_5_235.html,House,6815000.0,3M - 8M,"DHA Phase 5, Lahore",Lahore,Punjab,DHA Phase 5,31.509705,74.394609,1,21.24 Marla,21.24,5782.59,For Sale,1,2023-03-04,2023,3,4,Graana Real Estate,Sara Aslam
236,1036,https://www.zameen.com/Property/rawalpindi_bahria_town_rawalpindi_236.html,Lower Portion,2888000.0,Under 3M,"Bahria Town Rawalpindi, Rawalpindi",Rawalpindi,Punjab,Bahria Town Rawalpindi,33.583816,73.040465,2,6.8 Marla,6.8,1851.3,For Sale,2,2019-09-01,2019,9,1,Graana Real Estate,Kashif Aslam
237,1037,https://www.zameen.com/Property/rawalpindi_askari_14_237.html,Room,2470000.0,Under 3M,"Askari 14, Rawalpindi",Rawalpindi,Punjab,Askari 14,33.643405,73.062007,1,4.78 Marla,4.78,1301.36,For Sale,1,2023-11-24,2023,11,24,Zameen Estate Hub,Imran Khan
238,1038,https://www.zameen.com/Property/islamabad_f-10_238.html,Room,320200.0,Rental,"F-10, Islamabad",Islamabad,Islamabad Capital Territory,F-10,33.699939,72.972589,1,12.99 Marla,12.99,3536.53,For Rent,1,2021-01-12,2021,1,12,Zameen Estate Hub,Ahmed Raza
239,1039,https://www.zameen.com/Property/islamabad_dha_islamabad_239.html,Penthouse,1074100.0,Rental,"DHA Islamabad, Islamabad",Islamabad,Islamabad Capital Territory,DHA Islamabad,33.68979,73.094498,5,24.29 Marla,24.29,6612.95,For Rent,5,2019-02-15,2019,2,15,Zameen Estate Hub,Ayesha Butt
240,1000,https://www.zameen.com/Property/lahore_wapda_town_240.html,Flat,5768000.0,3M - 8M,"Wapda Town, Lahore",Lahore,Punjab,Wapda Town,31.444913,74.39079,2,14.56 Marla,14.56,3963.96,For Sale,2,2021-07-26,2021,7,26,Skyline Properties,Hassan Aslam
241,1001,https://www.zameen.com/Property/faisalabad_eden_valley_241.html,Flat,3792000.0,3M - 8M,"Eden Valley, Faisalabad",Faisalabad,Punjab,Eden Valley,31.40762,73.090009,3,8.54 Marla,8.54,2325.01,For Sale,4,2023-07-02,2023,7,2,Graana Real Estate,Bilal Khan
242,1002,https://www.zameen.com/Property/faisalabad_madina_town_242.html,House,3032000.0,3M - 8M,"Madina Town, Faisalabad",Faisalabad,Punjab,Madina Town,31.464257,73.201756,2,8.49 Marla,8.49,2311.4,For Sale,3,2021-08-18,2021,8,18,Graana Real Estate,Ahmed Chaudhry
243,1003,https://www.zameen.com/Property/lahore_wapda_town_243.html,Room,130800.0,Rental,"Wapda Town, Lahore",Lahore,Punjab,Wapda Town,31.462232,74.303901,1,4.87 Marla,4.87,1325.86,For Rent,1,2019-02-18,2019,2,18,Aiwan-e-Property,Usman Raza
244,1004,https://www.zameen.com/Property/rawalpindi_askari_14_244.html,Farm House,10059000.0,8M - 20M,"Askari 14, Rawalpindi",Rawalpindi,Punjab,Askari 14,33.534192,73.04706,5,25.97 Marla,25.97,7070.33,For Sale,5,2024-08-09,2024,8,9,Skyline Properties,Sara Iqbal
245,1005,https://www.zameen.com/Property/karachi_clifton_245.html,Farm House,5781000.0,3M - 8M,"Clifton, Karachi",Karachi,Sindh,Clifton,24.883043,66.937758,5,16.05 Marla,16.05,4369.61,For Sale,5,2021-07-27,2021,7,27,Skyline Properties,Kashif Sheikh
246,1006,https://www.zameen.com/Property/rawalpindi_dha_phase_2_rawalpindi_246.html,Upper Portion,5114000.0,3M - 8M,"DHA Phase 2 Rawalpindi, Rawalpindi",Rawalpindi,Punjab,DHA Phase 2 Rawalpindi,33.486923,72.970449,3,7.75 Marla,7.75,2109.94,For Sale,3,2018-12-30,2018,12,30,Skyline Properties,Hassan Farooq
247,1007,https://www.zameen.com/Property/lahore_bahria_town_247.html,Upper Portion,75300.0,Rental,"Bahria Town, Lahore",Lahore,Punjab,Bahria Town,31.496597,74.338756,3,2.73 Marla,2.73,743.24,For Rent,4,2019-11-13,2019,11,13,Metro Homes Realty,Zainab Iqbal
248,1008,https://www.zameen.com/Property/rawalpindi_dha_phase_2_rawalpindi_248.html,Flat,2500000.0,Under 3M,"DHA Phase 2 Rawalpindi, Rawalpindi",Rawalpindi,Punjab,DHA Phase 2 Rawalpindi,33.510845,72.9489,3,2.88 Marla,2.88,784.08,For Sale,3,2018-10-31,2018,10,31,Aiwan-e-Property,Sara Iqbal
249,1009,https://www.zameen.com/Property/lahore_bahria_town_249.html,Room,900900.0,Rental,"Bahria Town, Lahore",Lahore,Punjab,Bahria Town,31.448969,74.331675,1,20.82 Marla,20.82,5668.24,For Rent,1,2019-11-07,2019,11,7,Prime Estate Consultants,Fatima Chaudhry
250,1010,https://www.zameen.com/Property/karachi_bahria_town_karachi_250.html,Farm House,9455000.0,8M - 20M,"Bahria Town Karachi, Karachi",Karachi,Sindh,Bahria Town Karachi,24.915077,66.945674,3,23.83 Marla,23.83,6487.72,For Sale,3,2018-07-23,2018,7,23,Metro Homes Realty,Kashif Javed
251,1011,https://www.zameen.com/Property/islamabad_dha_islamabad_251.html,Lower Portion,6632000.0,3M - 8M,"DHA Islamabad, Islamabad",Islamabad,Islamabad Capital Territory,DHA Islamabad,33.653737,73.031495,1,18.8 Marla,18.8,5118.3,For Sale,1,2021-04-10,2021,4,10,Graana Real Estate,Zainab Malik
252,1012,https://www.zameen.com/Property/rawalpindi_satellite_town_252.html,House,5102000.0,3M - 8M,"Satellite Town, Rawalpindi",Rawalpindi,Punjab,Satellite Town,33.527244,73.070833,4,14.05 Marla,14.05,3825.11,For Sale,4,2018-07-02,2018,7,2,Aiwan-e-Property,Zainab Farooq
253,1013,https://www.zameen.com/Property/faisalabad_wapda_city_253.html,Flat,125900.0,Rental,"Wapda City, Faisalabad",Faisalabad,Punjab,Wapda City,31.504928,73.185945,2,4.59 Marla,4.59,1249.63,For Rent,3,2024-08-12,2024,8,12,Zameen Estate Hub,Imran Khan
254,1014,https://www.zameen.com/Property/rawalpindi_askari_14_254.html,Room,808000.0,Rental,"Askari 14, Rawalpindi",Rawalpindi,Punjab,Askari 14,33.613172,73.045306,1,19.2 Marla,19.2,5227.2,For Rent,1,2018-05-23,2018,5,23,Prime Estate Consultants,Kashif Javed
255,1015,https://www.zameen.com/Property/faisalabad_susan_road_255.html,House,733700.0,Rental,"Susan Road, Faisalabad",Faisalabad,Punjab,Susan Road,31.528525,73.124663,2,18.69 Marla,18.69,5088.35,For Rent,2,2019-06-01,2019,6,1,Graana Real Estate,Fatima Malik
256,1016,https://www.zameen.com/Property/karachi_north_nazimabad_256.html,Upper Portion,2774000.0,Under 3M,"North Nazimabad, Karachi",Karachi,Sindh,North Nazimabad,24.906548,67.020789,5,4.59 Marla,4.59,1249.63,For Sale,5,2021-02-05,2021,2,5,Prime Estate Consultants,Zainab Khan
257,1017,https://www.zameen.com/Property/faisalabad_madina_town_257.html,House,6030000.0,3M - 8M,"Madina Town, Faisalabad",Faisalabad,Punjab,Madina Town,31.509196,73.195822,5,7.09 Marla,7.09,1930.25,For Sale,5,2024-04-23,2024,4,23,Skyline Properties,Bilal Butt
258,1018,https://www.zameen.com/Property/rawalpindi_satellite_town_258.html,Lower Portion,6079000.0,3M - 8M,"Satellite Town, Rawalpindi",Rawalpindi,Punjab,Satellite Town,33.548427,73.077533,3,18.15 Marla,18.15,4941.34,For Sale,3,2024-10-29,2024,10,29,City Housing Marketing,Fatima Khan
259,1019,https://www.zameen.com/Property/karachi_dha_phase_8_259.html,Farm House,8411000.0,8M - 20M,"DHA Phase 8, Karachi",Karachi,Sindh,DHA Phase 8,24.918018,67.030676,1,10.79 Marla,10.79,2937.58,For Sale,1,2021-05-26,2021,5,26,Aiwan-e-Property,Usman Farooq
260,1020,https://www.zameen.com/Property/karachi_clifton_260.html,Upper Portion,777800.0,Rental,"Clifton, Karachi",Karachi,Sindh,Clifton,24.851375,67.067249,3,21.1 Marla,21.1,5744.48,For Rent,3,2024-10-13,2024,10,13,City Housing Marketing,Bilal Sheikh
261,1021,https://www.zameen.com/Property/rawalpindi_askari_14_261.html,Penthouse,3618000.0,3M - 8M,"Askari 14, Rawalpindi",Rawalpindi,Punjab,Askari 14,33.625793,72.941532,5,12.77 Marla,12.77,3476.63,For Sale,5,2023-09-07,2023,9,7,Metro Homes Realty,Sara Javed
262,1022,https://www.zameen.com/Property/karachi_clifton_262.html,Penthouse,1103000.0,Under 3M,"Clifton, Karachi",Karachi,Sindh,Clifton,24.844211,67.068792,2,2.97 Marla,2.97,808.58,For Sale,3,2022-02-17,2022,2,17,Skyline Properties,Zainab Javed
263,1023,https://www.zameen.com/Property/lahore_dha_phase_6_263.html,Upper Portion,11299000.0,8M - 20M,"DHA Phase 6, Lahore",Lahore,Punjab,DHA Phase 6,31.486011,74.340551,3,18.71 Marla,18.71,5093.8,For Sale,4,2021-11-11,2021,11,11,Zameen Estate Hub,Usman Malik
264,1024,https://www.zameen.com/Property/karachi_north_nazimabad_264.html,Penthouse,190100.0,Rental,"North Nazimabad, Karachi",Karachi,Sindh,North Nazimabad,24.856556,66.94227,6,8.24 Marla,8.24,2243.34,For Rent,6,2022-08-05,2022,8,5,Prime Estate Consultants,Ahmed Khan
265,1025,https://www.zameen.com/Property/karachi_north_nazimabad_265.html,Penthouse,8976000.0,8M - 20M,"North Nazimabad, Karachi",Karachi,Sindh,North Nazimabad,24.85414,66.956013,2,10.22 Marla,10.22,2782.39,For Sale,3,2021-02-01,2021,2,1,Metro Homes Realty,Fatima Raza
266,1026,https://www.zameen.com/Property/islamabad_gulberg_greens_266.html,Room,462800.0,Rental,"Gulberg Greens, Islamabad",Islamabad,Islamabad Capital Territory,Gulberg Greens,33.649628,73.077406,1,15.25 Marla,15.25,4151.81,For Rent,1,2022-03-13,2022,3,13,Prime Estate Consultants,Kashif Aslam
267,1027,https://www.zameen.com/Property/rawalpindi_bahria_town_rawalpindi_267.html,Upper Portion,467600.0,Rental,"Bahria Town Rawalpindi, Rawalpindi",Rawalpindi,Punjab,Bahria Town Rawalpindi,33.607576,73.08085,2,12.87 Marla,12.87,3503.86,For Rent,3,2021-05-08,2021,5,8,Zameen Estate Hub,Sara Javed
268,1028,https://www.zameen.com/Property/faisalabad_madina_town_268.html,Farm House,6567000.0,3M - 8M,"Madina Town, Faisalabad",Faisalabad,Punjab,Madina Town,31.488277,73.148284,6,7.31 Marla,7.31,1990.15,For Sale,6,2020-11-28,2020,11,28,Metro Homes Realty,Fatima Iqbal
269,1029,https://www.zameen.com/Property/faisalabad_susan_road_269.html,Upper Portion,6958000.0,3M - 8M,"Susan Road, Faisalabad",Faisalabad,Punjab,Susan Road,31.504902,73.195239,6,8.3 Marla,8.3,2259.68,For Sale,6,2022-01-08,2022,1,8,Prime Estate Consultants,Usman Chaudhry
270,1030,https://www.zameen.com/Property/karachi_gulshan-e-iqbal_270.html,House,9039000.0,8M - 20M,"Gulshan-e-Iqbal, Karachi",Karachi,Sindh,Gulshan-e-Iqbal,24.837545,67.040174,5,10.45 Marla,10.45,2845.01,For Sale,5,2021-10-06,2021,10,6,City Housing Marketing,Bilal Sheikh
271,1031,https://www.zameen.com/Property/islamabad_f-10_271.html,Penthouse,463300.0,Rental,"F-10, Islamabad",Islamabad,Islamabad Capital Territory,F-10,33.755488,72.979295,3,11.43 Marla,11.43,3111.82,For Rent,3,2023-04-12,2023,4,12,Graana Real Estate,Kashif Aslam
272,1032,https://www.zameen.com/Property/karachi_north_nazimabad_272.html,House,620600.0,Rental,"North Nazimabad, Karachi",Karachi,Sindh,North Nazimabad,24.846171,67.012205,4,15.09 Marla,15.09,4108.25,For Rent,4,2019-09-10,2019,9,10,Zameen Estate Hub,Ayesha Raza
273,1033,https://www.zameen.com/Property/rawalpindi_dha_phase_2_rawalpindi_273.html,Upper Portion,250700.0,Rental,"DHA Phase 2 Rawalpindi, Rawalpindi",Rawalpindi,Punjab,DHA Phase 2 Rawalpindi,33.557429,72.970401,4,7.39 Marla,7.39,2011.93,For Rent,4,2019-12-26,2019,12,26,Aiwan-e-Property,Ahmed Khan
274,1034,https://www.zameen.com/Property/karachi_north_nazimabad_274.html,Penthouse,2423000.0,Under 3M,"North Nazimabad, Karachi",Karachi,Sindh,North Nazimabad,24.786736,66.953006,3,4.63 Marla,4.63,1260.52,For Sale,4,2022-10-24,2022,10,24,Metro Homes Realty,Fatima Khan
275,1035,https://www.zameen.com/Property/islamabad_dha_islamabad_275.html,Upper Portion,792600.0,Rental,"DHA Islamabad, Islamabad",Islamabad,Islamabad Capital Territory,DHA Islamabad,33.625029,73.029268,6,23.45 Marla,23.45,6384.26,For Rent,6,2020-10-16,2020,10,16,Zameen Estate Hub,Hassan Butt
276,1036,https://www.zameen.com/Property/faisalabad_jaranwala_road_276.html,Flat,2075000.0,Under 3M,"Jaranwala Road, Faisalabad",Faisalabad,Punjab,Jaranwala Road,31.512476,73.214276,3,2.88 Marla,2.88,784.08,For Sale,3,2024-09-08,2024,9,8,Prime Estate Consultants,Hassan Iqbal
277,1037,https://www.zameen.com/Property/islamabad_f-10_277.html,Upper Portion,166700.0,Rental,"F-10, Islamabad",Islamabad,Islamabad Capital Territory,F-10,33.685141,72.987606,4,7.63 Marla,7.63,2077.27,For Rent,4,2019-06-22,2019,6,22,Zameen Estate Hub,Ahmed Aslam
278,1038,https://www.zameen.com/Property/lahore_johar_town_278.html,Farm House,17342000.0,8M - 20M,"Johar Town, Lahore",Lahore,Punjab,Johar Town,31.51149,74.298475,5,25.62 Marla,25.62,6975.05,For Sale,5,2018-03-22,2018,3,22,Graana Real Estate,Bilal Iqbal
279,1039,https://www.zameen.com/Property/islamabad_f-10_279.html,Farm House,1950000.0,Under 3M,"F-10, Islamabad",Islamabad,Islamabad Capital Territory,F-10,33.671412,73.11168,6,2.88 Marla,2.88,784.08,For Sale,6,2021-01-10,2021,1,10,Prime Estate Consultants,Kashif Chaudhry
280,1000,https://www.zameen.com/Property/faisalabad_eden_valley_280.html,House,3767000.0,3M - 8M,"Eden Valley, Faisalabad",Faisalabad,Punjab,Eden Valley,31.417656,73.061305,5,5.0 Marla,5.0,1361.25,For Sale,5,2023-11-13,2023,11,13,Zameen Estate Hub,Hassan Iqbal
281,1001,https://www.zameen.com/Property/rawalpindi_dha_phase_2_rawalpindi_281.html,Farm House,200700.0,Rental,"DHA Phase 2 Rawalpindi, Rawalpindi",Rawalpindi,Punjab,DHA Phase 2 Rawalpindi,33.508963,72.951313,1,11.36 Marla,11.36,3092.76,For Rent,1,2019-03-29,2019,3,29,Skyline Properties,Kashif Farooq
282,1002,https://www.zameen.com/Property/faisalabad_wapda_city_282.html,Farm House,4263000.0,3M - 8M,"Wapda City, Faisalabad",Faisalabad,Punjab,Wapda City,31.50676,73.112634,4,10.29 Marla,10.29,2801.45,For Sale,4,2018-07-25,2018,7,25,Graana Real Estate,Sara Khan
283,1003,https://www.zameen.com/Property/islamabad_f-10_283.html,Farm House,1808000.0,Under 3M,"F-10, Islamabad",Islamabad,Islamabad Capital Territory,F-10,33.64733,73.085191,1,2.71 Marla,2.71,737.8,For Sale,2,2021-09-08,2021,9,8,Aiwan-e-Property,Zainab Aslam
284,1004,https://www.zameen.com/Property/islamabad_g-13_284.html,Flat,11397000.0,8M - 20M,"G-13, Islamabad",Islamabad,Islamabad Capital Territory,G-13,33.622489,73.079287,3,16.39 Marla,16.39,4462.18,For Sale,3,2023-05-13,2023,5,13,Skyline Properties,Fatima Chaudhry
285,1005,https://www.zameen.com/Property/lahore_wapda_town_285.html,Flat,7628000.0,3M - 8M,"Wapda Town, Lahore",Lahore,Punjab,Wapda Town,31.445011,74.388214,6,21.21 Marla,21.21,5774.42,For Sale,6,2022-04-05,2022,4,5,Skyline Properties,Hassan Aslam
286,1006,https://www.zameen.com/Property/karachi_bahria_town_karachi_286.html,Lower Portion,9963000.0,8M - 20M,"Bahria Town Karachi, Karachi",Karachi,Sindh,Bahria Town Karachi,24.896504,66.956938,1,14.82 Marla,14.82,4034.74,For Sale,1,2018-02-20,2018,2,20,City Housing Marketing,Imran Aslam
287,1007,https://www.zameen.com/Property/islamabad_pwd_housing_scheme_287.html,Room,1992000.0,Under 3M,"PWD Housing Scheme, Islamabad",Islamabad,Islamabad Capital Territory,PWD Housing Scheme,33.738645,73.057235,1,4.93 Marla,4.93,1342.19,For Sale,1,2021-11-17,2021,11,17,City Housing Marketing,Fatima Chaudhry
288,1008,https://www.zameen.com/Property/faisalabad_wapda_city_288.html,House,5705000.0,3M - 8M,"Wapda City, Faisalabad",Faisalabad,Punjab,Wapda City,31.408943,73.210223,4,7.01 Marla,7.01,1908.47,For Sale,4,2018-11-03,2018,11,3,Skyline Properties,Zainab Raza
289,1009,https://www.zameen.com/Property/lahore_gulberg_289.html,Flat,7988000.0,3M - 8M,"Gulberg, Lahore",Lahore,Punjab,Gulberg,31.511931,74.297693,2,14.71 Marla,14.71,4004.8,For Sale,2,2024-06-05,2024,6,5,Metro Homes Realty,Bilal Farooq
290,1010,https://www.zameen.com/Property/rawalpindi_bahria_town_rawalpindi_290.html,House,2311000.0,Under 3M,"Bahria Town Rawalpindi, Rawalpindi",Rawalpindi,Punjab,Bahria Town Rawalpindi,33.575073,73.041635,1,3.03 Marla,3.03,824.92,For Sale,1,2024-12-10,2024,12,10,City Housing Marketing,Usman Javed
291,1011,https://www.zameen.com/Property/rawalpindi_satellite_town_291.html,Upper Portion,325100.0,Rental,"Satellite Town, Rawalpindi",Rawalpindi,Punjab,Satellite Town,33.503344,73.058391,2,8.55 Marla,8.55,2327.74,For Rent,3,2024-09-23,2024,9,23,Metro Homes Realty,Hassan Farooq
292,1012,https://www.zameen.com/Property/karachi_dha_phase_8_292.html,Upper Portion,3133000.0,3M - 8M,"DHA Phase 8, Karachi",Karachi,Sindh,DHA Phase 8,24.797814,67.018836,2,10.1 Marla,10.1,2749.72,For Sale,3,2019-11-04,2019,11,4,Metro Homes Realty,Sara Iqbal
293,1013,https://www.zameen.com/Property/karachi_dha_phase_8_293.html,Penthouse,9863000.0,8M - 20M,"DHA Phase 8, Karachi",Karachi,Sindh,DHA Phase 8,24.904243,66.993181,1,21.3 Marla,21.3,5798.93,For Sale,2,2022-08-25,2022,8,25,Graana Real Estate,Kashif Malik
294,1014,https://www.zameen.com/Property/faisalabad_eden_valley_294.html,Flat,130000.0,Rental,"Eden Valley, Faisalabad",Faisalabad,Punjab,Eden Valley,31.481091,73.082784,1,3.02 Marla,3.02,822.2,For Rent,1,2024-07-24,2024,7,24,Metro Homes Realty,Imran Chaudhry
295,1015,https://www.zameen.com/Property/karachi_dha_phase_8_295.html,Lower Portion,10647000.0,8M - 20M,"DHA Phase 8, Karachi",Karachi,Sindh,DHA Phase 8,24.935979,66.993555,4,12.01 Marla,12.01,3269.72,For Sale,4,2020-10-13,2020,10,13,Aiwan-e-Property,Fatima Raza
296,1016,https://www.zameen.com/Property/karachi_clifton_296.html,Lower Portion,19386000.0,8M - 20M,"Clifton, Karachi",Karachi,Sindh,Clifton,24.814254,67.035402,5,23.99 Marla,23.99,6531.28,For Sale,6,2024-03-17,2024,3,17,City Housing Marketing,Ayesha Sheikh
297,1017,https://www.zameen.com/Property/islamabad_gulberg_greens_297.html,Flat,172900.0,Rental,"Gulberg Greens, Islamabad",Islamabad,Islamabad Capital Territory,Gulberg Greens,33.681259,73.059202,5,7.01 Marla,7.01,1908.47,For Rent,6,2019-04-18,2019,4,18,Skyline Properties,Hassan Javed
298,1018,https://www.zameen.com/Property/rawalpindi_satellite_town_298.html,Penthouse,1011000.0,Under 3M,"Satellite Town, Rawalpindi",Rawalpindi,Punjab,Satellite Town,33.642465,73.046242,1,3.01 Marla,3.01,819.47,For Sale,1,2018-08-20,2018,8,20,Zameen Estate Hub,Usman Chaudhry
299,1019,https://www.zameen.com/Property/karachi_dha_phase_8_299.html,Farm House,331500.0,Rental,"DHA Phase 8, Karachi",Karachi,Sindh,DHA Phase 8,24.899486,67.010903,1,8.41 Marla,8.41,2289.62,For Rent,1,2019-02-24,2019,2,24,Prime Estate Consultants,Imran Sheikh
300,1020,https://www.zameen.com/Property/karachi_north_nazimabad_300.html,Penthouse,276700.0,Rental,"North Nazimabad, Karachi",Karachi,Sindh,North Nazimabad,24.899687,66.953594,1,10.39 Marla,10.39,2828.68,For Rent,1,2021-07-04,2021,7,4,Prime Estate Consultants,Ahmed Khan
