MAE_PKR,RMSE_PKR,R2,MAPE_pct,Model,Category,Train_Time_s
3505208.998699869,10230162.655096615,0.9682003211163949,7.557351603665803,CatBoost,Ensemble (Boosting),1.88596773147583
3732583.9241025634,10762766.555158481,0.9648030121891472,8.01151016049989,XGBoost,Ensemble (Boosting),1.141200065612793
3830055.0644516386,12588229.29858417,0.9518510360055042,7.87870150554892,LightGBM,Ensemble (Boosting),0.6029000282287598
4663402.137643476,13556376.196079714,0.9441600679450428,9.828337563222075,Random Forest,Ensemble (Bagging),3.169747829437256
6430820.069618933,18899318.730387956,0.891469961929336,13.886942024491827,Lasso Regression,Linear Regularized,0.02105426788330078
6544520.115815482,19412968.626207747,0.8854904884704327,13.911723427008102,Ridge Regression,Linear Regularized,0.005672931671142578
6566370.097217374,19524279.19809705,0.8841735686863369,13.903898139601475,Linear Regression,Linear,0.015613794326782227
25053422.56410256,59603780.857924476,-0.07945682196872528,60.03571693208839,Median Baseline,Baseline,0.0014939308166503906
29432579.516609162,57368929.65484702,-2.5676901976634525e-05,115.54533909135118,Mean Baseline,Baseline,0.0
