player_id,player_name,player_full_name,first_name,last_name,born_date,debut_date,debut_age,last_date,last_age,height,weight,player_link,player_teams,year,team,is_finals,games_played,kicks,marks,handballs,disposals,goals,behinds,hit_outs,tackles,rebound_50s,inside_50s,clearances,clangers,free_kicks_for,free_kicks_against,brownlow_votes,contested_possessions,uncontested_possessions,contested_marks,marks_inside_50,one_percenters,bounces,goal_assists,total_score,total_fantasy_points,total_percentage_played,avg_kicks,avg_marks,avg_handballs,avg_disposals,avg_goals,avg_behinds,avg_hit_outs,avg_tackles,avg_rebound_50s,avg_inside_50s,avg_clearances,avg_clangers,avg_free_kicks_for,avg_free_kicks_against,avg_contested_possessions,avg_uncontested_possessions,avg_contested_marks,avg_marks_inside_50,avg_one_percenters,avg_bounces,avg_goal_assists,avg_score,avg_fantasy_points,avg_percentage_played
90001,Sam Walsh,Sam_Walsh,Sam,Walsh,1999-01-01,2018-03-01,18,,,183,82,,{Carlton Blues},2022,Carlton Blues,False,22,380,90,240,620,5,4,0,130,10,40,60,30,20,18,5,200,300,5,3,15,20,6,1500,2200,95.0,17.272727272727273,4.090909090909091,10.909090909090908,28.181818181818183,0.22727272727272727,0.18181818181818182,0,5.909090909090909,0.45454545454545453,1.8181818181818181,2.727272727272727,1.3636363636363635,0.9090909090909091,0.8181818181818182,9.090909090909092,13.636363636363637,0.22727272727272727,0.13636363636363635,0.6818181818181818,0.9090909090909091,0.2727272727272727,68.18181818181819,100.0,95.0
90001,Sam Walsh,Sam_Walsh,Sam,Walsh,1999-01-01,2018-03-01,18,,,183,82,,{Carlton Blues},2023,Carlton Blues,False,23,400,90,240,640,5,4,0,118,10,40,60,30,20,18,5,200,300,5,3,15,20,6,1500,2200,95.0,17.391304347826086,3.9130434782608696,10.434782608695652,27.82608695652174,0.21739130434782608,0.17391304347826086,0,5.130434782608695,0.43478260869565216,1.7391304347826086,2.608695652173913,1.3043478260869565,0.8695652173913043,0.782608695652174,8.695652173913043,13.043478260869565,0.21739130434782608,0.13043478260869565,0.6521739130434783,0.8695652173913043,0.2608695652173913,65.21739130434783,95.65217391304348,95.0
90001,Sam Walsh,Sam_Walsh,Sam,Walsh,1999-01-01,2018-03-01,18,,,183,82,,{Carlton Blues},2024,Carlton Blues,False,24,430,90,270,700,5,4,0,125,10,40,60,30,20,18,5,200,300,5,3,15,20,6,1500,2200,95.0,17.916666666666668,3.75,11.25,29.166666666666668,0.20833333333333334,0.16666666666666666,0,5.208333333333333,0.4166666666666667,1.6666666666666667,2.5,1.25,0.8333333333333334,0.75,8.333333333333334,12.5,0.20833333333333334,0.125,0.625,0.8333333333333334,0.25,62.5,91.66666666666667,95.0
90002,Lachie Neale,Lachie_Neale,Lachie,Neale,1999-01-01,2018-03-01,18,,,183,82,,{Brisbane Lions},2024,Brisbane Lions,False,24,410,90,280,690,5,4,0,110,10,40,60,30,20,18,5,200,300,5,3,15,20,6,1500,2200,95.0,17.083333333333332,3.75,11.666666666666666,28.75,0.20833333333333334,0.16666666666666666,0,4.583333333333333,0.4166666666666667,1.6666666666666667,2.5,1.25,0.8333333333333334,0.75,8.333333333333334,12.5,0.20833333333333334,0.125,0.625,0.8333333333333334,0.25,62.5,91.66666666666667,95.0
90003,Patrick Cripps,Patrick_Cripps,Patrick,Cripps,1999-01-01,2018-03-01,18,,,183,82,,{Carlton Blues},2023,Carlton Blues,False,22,340,90,270,610,5,4,0,140,10,40,60,30,20,18,5,200,300,5,3,15,20,6,1500,2200,95.0,15.454545454545455,4.090909090909091,12.272727272727273,27.727272727272727,0.22727272727272727,0.18181818181818182,0,6.363636363636363,0.45454545454545453,1.8181818181818181,2.727272727272727,1.3636363636363635,0.9090909090909091,0.8181818181818182,9.090909090909092,13.636363636363637,0.22727272727272727,0.13636363636363635,0.6818181818181818,0.9090909090909091,0.2727272727272727,68.18181818181819,100.0,95.0
90004,Clayton Oliver,Clayton_Oliver,Clayton,Oliver,1999-01-01,2018-03-01,18,,,183,82,,{Melbourne Demons},2023,Melbourne Demons,False,18,300,90,260,560,5,4,0,100,10,40,60,30,20,18,5,200,300,5,3,15,20,6,1500,2200,95.0,16.666666666666668,5.0,14.444444444444445,31.11111111111111,0.2777777777777778,0.2222222222222222,0,5.555555555555555,0.5555555555555556,2.2222222222222223,3.3333333333333335,1.6666666666666667,1.1111111111111112,1.0,11.11111111111111,16.666666666666668,0.2777777777777778,0.16666666666666666,0.8333333333333334,1.1111111111111112,0.3333333333333333,83.33333333333333,122.22222222222223,95.0
90001,Sam Walsh,Sam_Walsh,Sam,Walsh,1999-01-01,2018-03-01,18,,,183,82,,{Carlton Blues},2022,Carlton Blues,True,1,18,8,10,28,1,0,0,5,1,4,6,3,2,2,0,20,30,1,0,1,2,1,150,220,95.0,18.0,8.0,10.0,28.0,1.0,0.0,0,5.0,1.0,4.0,6.0,3.0,2.0,2.0,20.0,30.0,1.0,0.0,1.0,2.0,1.0,150.0,220.0,95.0
90001,Sam Walsh,Sam_Walsh,Sam,Walsh,1999-01-01,2018-03-01,18,,,183,82,,{Carlton Blues},2023,Carlton Blues,True,2,34,8,21,55,1,0,0,9,1,4,6,3,2,2,0,20,30,1,0,1,2,1,150,220,95.0,17.0,4.0,10.5,27.5,0.5,0.0,0,4.5,0.5,2.0,3.0,1.5,1.0,1.0,10.0,15.0,0.5,0.0,0.5,1.0,0.5,75.0,110.0,95.0
90003,Patrick Cripps,Patrick_Cripps,Patrick,Cripps,1999-01-01,2018-03-01,18,,,183,82,,{Carlton Blues},2023,Carlton Blues,True,2,30,8,28,58,1,0,0,12,1,4,6,3,2,2,0,20,30,1,0,1,2,1,150,220,95.0,15.0,4.0,14.0,29.0,0.5,0.0,0,6.0,0.5,2.0,3.0,1.5,1.0,1.0,10.0,15.0,0.5,0.0,0.5,1.0,0.5,75.0,110.0,95.0
